"incident_id","start_time","case_number","priority","district","beat","initial_type","final_tru_type"
"P2600195761","2026-07-01T02:28:43.000","260028905","4","6D","P2","STLVEHT - TRS STOLEN VEHICLE - TELEPHONE REPORTING UNIT","STLVEHT - TRS STOLEN VEHICLE - TELEPHONE REPORTING UNIT"
"P2600195866","2026-07-01T06:17:26.000","260028910","4","4D","K1","THEFTT - TRS THEFT/LARCENY - TELEPHONE REPORTING UNIT","THEFTT - TRS THEFT/LARCENY - TELEPHONE REPORTING UNIT"
"P2600195867","2026-07-01T06:21:00.000","260028913","4","2D","D2","THEFTT - TRS THEFT/LARCENY - TELEPHONE REPORTING UNIT","THEFTT - TRS THEFT/LARCENY - TELEPHONE REPORTING UNIT"
"P2600195893","2026-07-01T07:02:31.000","260028915","4","2D","D2","VANDALISM, DAMAGE, MISCHIEF-TRS - TELEPHONE REPORTING UNIT","VANDALISM, DAMAGE, MISCHIEF-TRS - TELEPHONE REPORTING UNIT"
"P2600195913","2026-07-01T07:28:12.000","260028916","4","5D","N1","THEFTT - TRS THEFT/LARCENY - TELEPHONE REPORTING UNIT","THEFTT - TRS THEFT/LARCENY - TELEPHONE REPORTING UNIT"
"P2600195977","2026-07-01T09:08:20.000","260028923","4","4D","K1","THEFTT - TRS THEFT/LARCENY - TELEPHONE REPORTING UNIT","THEFTT - TRS THEFT/LARCENY - TELEPHONE REPORTING UNIT"
"P2600195990","2026-07-01T09:20:44.000","260028926","4","1D","A2","VANDALISM, DAMAGE, MISCHIEF-TRS - TELEPHONE REPORTING UNIT","VANDALISM, DAMAGE, MISCHIEF-TRS - TELEPHONE REPORTING UNIT"
"P2600195986","2026-07-01T09:16:30.000","260028932","4","6D","P2","THEFTT - TRS THEFT/LARCENY - TELEPHONE REPORTING UNIT","THEFTT - TRS THEFT/LARCENY - TELEPHONE REPORTING UNIT"
"P2600196034","2026-07-01T10:20:27.000","260028939","4","3D","I1","STLVEHT - TRS STOLEN VEHICLE - TELEPHONE REPORTING UNIT","STLVEHT - TRS STOLEN VEHICLE - TELEPHONE REPORTING UNIT"
"P2600196069","2026-07-01T11:02:56.000","260028948","4","3D","G2","THEFTT - TRS THEFT/LARCENY - TELEPHONE REPORTING UNIT","THEFTT - TRS THEFT/LARCENY - TELEPHONE REPORTING UNIT"
"P2600196135","2026-07-01T12:09:27.000","260028958","4","1D","A2","LOSTT-TRS ADMIN (DOCUMENT, LOST OR FOUND PROP, MESSAGES - TELEPHONE REPORTING UNIT","LOSTT-TRS ADMIN (DOCUMENT, LOST OR FOUND PROP, MESSAGES - TELEPHONE REPORTING UNIT"
"P2600196054","2026-07-01T10:45:39.000","260028959","4","1D","A2","THEFTT - TRS THEFT/LARCENY - TELEPHONE REPORTING UNIT","THEFTT - TRS THEFT/LARCENY - TELEPHONE REPORTING UNIT"
"P2600196073","2026-07-01T11:06:00.000","260028960","4","2D","E2","FRAUDT-TRS FRAUD / DECEPTION - TELEPHONE REPORTING UNIT","FRAUDT-TRS FRAUD / DECEPTION - TELEPHONE REPORTING UNIT"
"P2600196050","2026-07-01T10:41:26.000","260028964","4","3D","I1","LOSTT-TRS ADMIN (DOCUMENT, LOST OR FOUND PROP, MESSAGES - TELEPHONE REPORTING UNIT","LOSTT-TRS ADMIN (DOCUMENT, LOST OR FOUND PROP, MESSAGES - TELEPHONE REPORTING UNIT"
"P2600196089","2026-07-01T11:20:39.000","260028966","4","3D","I2","STLVEHT - TRS STOLEN VEHICLE - TELEPHONE REPORTING UNIT","STLVEHT - TRS STOLEN VEHICLE - TELEPHONE REPORTING UNIT"
"P2600196165","2026-07-01T12:27:35.000","260028968","4","3D","G1","THEFTT - TRS THEFT/LARCENY - TELEPHONE REPORTING UNIT","THEFTT - TRS THEFT/LARCENY - TELEPHONE REPORTING UNIT"
"P2600196143","2026-07-01T12:15:24.000","260028969","4","3D","G1","VANDALISM, DAMAGE, MISCHIEF-TRS - TELEPHONE REPORTING UNIT","VANDALISM, DAMAGE, MISCHIEF-TRS - TELEPHONE REPORTING UNIT"
"P2600196206","2026-07-01T12:59:48.000","260028970","4","2D","E2","THEFTT - TRS THEFT/LARCENY - TELEPHONE REPORTING UNIT","THEFTT - TRS THEFT/LARCENY - TELEPHONE REPORTING UNIT"
"P2600196194","2026-07-01T12:50:55.000","260028975","4","4D","L1","THEFTT - TRS THEFT/LARCENY - TELEPHONE REPORTING UNIT","THEFTT - TRS THEFT/LARCENY - TELEPHONE REPORTING UNIT"
"P2600196202","2026-07-01T12:53:51.000","260028978","4","6D","R2","THEFTT - TRS THEFT/LARCENY - TELEPHONE REPORTING UNIT","THEFTT - TRS THEFT/LARCENY - TELEPHONE REPORTING UNIT"
"P2600196303","2026-07-01T14:28:10.000","260028980","4","6D","P2","THEFTT - TRS THEFT/LARCENY - TELEPHONE REPORTING UNIT","THEFTT - TRS THEFT/LARCENY - TELEPHONE REPORTING UNIT"
"P2600196386","2026-07-01T15:47:09.000","260028991","4","4D","L3","THEFT/LARCENY FROM AUTO - OCCURRED EARLIER","THEFTFAT - TRS / SUPPLEMENTAL INFORMATION - TELEPHONE REPORTING UNIT"
"P2600196347","2026-07-01T15:07:05.000","260029001","4","4D","K1","FRAUDT-TRS FRAUD / DECEPTION - TELEPHONE REPORTING UNIT","FRAUDT-TRS FRAUD / DECEPTION - TELEPHONE REPORTING UNIT"
"P2600196324","2026-07-01T14:41:20.000","260029008","4","1D","A2","FRAUDT-TRS FRAUD / DECEPTION - TELEPHONE REPORTING UNIT","FRAUDT-TRS FRAUD / DECEPTION - TELEPHONE REPORTING UNIT"
"P2600196387","2026-07-01T15:48:39.000","260029027","4","6D","P2","FRAUDT-TRS FRAUD / DECEPTION - TELEPHONE REPORTING UNIT","FRAUDT-TRS FRAUD / DECEPTION - TELEPHONE REPORTING UNIT"
"P2600197013","2026-07-02T04:48:12.000","260029078","4","6D","R1","VANDALISM, DAMAGE, MISCHIEF-TRS - TELEPHONE REPORTING UNIT","VANDALISM, DAMAGE, MISCHIEF-TRS - TELEPHONE REPORTING UNIT"
"P2600197044","2026-07-02T05:45:47.000","260029081","4","4D","K1","THEFTT - TRS THEFT/LARCENY - TELEPHONE REPORTING UNIT","THEFTT - TRS THEFT/LARCENY - TELEPHONE REPORTING UNIT"
"P2600197071","2026-07-02T06:27:52.000","260029082","4","6D","R1","THEFTT - TRS THEFT/LARCENY - TELEPHONE REPORTING UNIT","THEFTT - TRS THEFT/LARCENY - TELEPHONE REPORTING UNIT"
"P2600197075","2026-07-02T06:34:33.000","260029083","4","2D","D1","THEFTT - TRS THEFT/LARCENY - TELEPHONE REPORTING UNIT","THEFTT - TRS THEFT/LARCENY - TELEPHONE REPORTING UNIT"
"P2600197050","2026-07-02T05:58:45.000","260029084","4","6D","P3","THEFTT - TRS THEFT/LARCENY - TELEPHONE REPORTING UNIT","THEFTT - TRS THEFT/LARCENY - TELEPHONE REPORTING UNIT"
"P2600197086","2026-07-02T06:59:27.000","260029088","4","1D","A2","STLVEHT - TRS STOLEN VEHICLE - TELEPHONE REPORTING UNIT","STLVEHT - TRS STOLEN VEHICLE - TELEPHONE REPORTING UNIT"
"P2600197082","2026-07-02T06:48:41.000","260029089","4","2D","D1","THEFTT - TRS THEFT/LARCENY - TELEPHONE REPORTING UNIT","THEFTT - TRS THEFT/LARCENY - TELEPHONE REPORTING UNIT"
"P2600197111","2026-07-02T07:27:14.000","260029093","4","2D","D1","THEFTT - TRS THEFT/LARCENY - TELEPHONE REPORTING UNIT","THEFTT - TRS THEFT/LARCENY - TELEPHONE REPORTING UNIT"
"P2600197106","2026-07-02T07:22:00.000","260029094","4","2D","D1","THEFTT - TRS THEFT/LARCENY - TELEPHONE REPORTING UNIT","THEFTT - TRS THEFT/LARCENY - TELEPHONE REPORTING UNIT"
"P2600197087","2026-07-02T07:04:28.000","260029096","4","2D","D1","THEFTT - TRS THEFT/LARCENY - TELEPHONE REPORTING UNIT","THEFTT - TRS THEFT/LARCENY - TELEPHONE REPORTING UNIT"
"P2600197116","2026-07-02T07:41:41.000","260029099","4","5D","N1","THEFTT - TRS THEFT/LARCENY - TELEPHONE REPORTING UNIT","THEFTT - TRS THEFT/LARCENY - TELEPHONE REPORTING UNIT"
"P2600197151","2026-07-02T08:29:41.000","260029100","4","6D","R3","THEFTT - TRS THEFT/LARCENY - TELEPHONE REPORTING UNIT","THEFTT - TRS THEFT/LARCENY - TELEPHONE REPORTING UNIT"
"P2600197130","2026-07-02T07:58:16.000","260029101","4","5D","N1","THEFTT - TRS THEFT/LARCENY - TELEPHONE REPORTING UNIT","THEFTT - TRS THEFT/LARCENY - TELEPHONE REPORTING UNIT"
"P2600197104","2026-07-02T07:19:56.000","260029104","4","6D","R1","THEFTT - TRS THEFT/LARCENY - TELEPHONE REPORTING UNIT","THEFTT - TRS THEFT/LARCENY - TELEPHONE REPORTING UNIT"
"P2600197168","2026-07-02T08:56:05.000","260029106","4","4D","L1","THEFTT - TRS THEFT/LARCENY - TELEPHONE REPORTING UNIT","THEFTT - TRS THEFT/LARCENY - TELEPHONE REPORTING UNIT"
"P2600197209","2026-07-02T09:48:49.000","260029116","4","1D","B3","FRAUDT-TRS FRAUD / DECEPTION - TELEPHONE REPORTING UNIT","FRAUDT-TRS FRAUD / DECEPTION - TELEPHONE REPORTING UNIT"
"P2600197205","2026-07-02T09:46:04.000","260029117","4","2D","D1","THEFTT - TRS THEFT/LARCENY - TELEPHONE REPORTING UNIT","THEFTT - TRS THEFT/LARCENY - TELEPHONE REPORTING UNIT"
"P2600197215","2026-07-02T09:55:31.000","260029124","4","1D","B2","LOSTT-TRS ADMIN (DOCUMENT, LOST OR FOUND PROP, MESSAGES - TELEPHONE REPORTING UNIT","LOSTT-TRS ADMIN (DOCUMENT, LOST OR FOUND PROP, MESSAGES - TELEPHONE REPORTING UNIT"
"P2600197305","2026-07-02T11:40:29.000","260029129","4","3D","I3","LOSTT-TRS ADMIN (DOCUMENT, LOST OR FOUND PROP, MESSAGES - TELEPHONE REPORTING UNIT","LOSTT-TRS ADMIN (DOCUMENT, LOST OR FOUND PROP, MESSAGES - TELEPHONE REPORTING UNIT"
"P2600197382","2026-07-02T12:43:20.000","260029146","4","2D","D1","THEFTT - TRS THEFT/LARCENY - TELEPHONE REPORTING UNIT","THEFTT - TRS THEFT/LARCENY - TELEPHONE REPORTING UNIT"
"P2600197329","2026-07-02T11:57:49.000","260029152","4","5D","M3","FRAUDT-TRS FRAUD / DECEPTION - TELEPHONE REPORTING UNIT","FRAUDT-TRS FRAUD / DECEPTION - TELEPHONE REPORTING UNIT"
"P2600197377","2026-07-02T12:37:28.000","260029159","4","2D","D1","THEFTT - TRS THEFT/LARCENY - TELEPHONE REPORTING UNIT","THEFTT - TRS THEFT/LARCENY - TELEPHONE REPORTING UNIT"
"P2600197519","2026-07-02T15:31:31.000","260029168","4","3D","I1","LOSTT-TRS ADMIN (DOCUMENT, LOST OR FOUND PROP, MESSAGES - TELEPHONE REPORTING UNIT","LOSTT-TRS ADMIN (DOCUMENT, LOST OR FOUND PROP, MESSAGES - TELEPHONE REPORTING UNIT"
"P2600197523","2026-07-02T15:33:28.000","260029172","4","3D","I1","THEFTT - TRS THEFT/LARCENY - TELEPHONE REPORTING UNIT","THEFTT - TRS THEFT/LARCENY - TELEPHONE REPORTING UNIT"
"P2600197580","2026-07-02T16:27:19.000","260029185","4","2D","D1","THEFTT - TRS THEFT/LARCENY - TELEPHONE REPORTING UNIT","THEFTT - TRS THEFT/LARCENY - TELEPHONE REPORTING UNIT"
"P2600197641","2026-07-02T17:31:49.000","260029199","4","4D","L1","VANDALISM, DAMAGE, MISCHIEF-TRS - TELEPHONE REPORTING UNIT","VANDALISM, DAMAGE, MISCHIEF-TRS - TELEPHONE REPORTING UNIT"
"P2600197699","2026-07-02T18:35:12.000","260029224","4","6D","P2","THEFTT - TRS THEFT/LARCENY - TELEPHONE REPORTING UNIT","THEFTT - TRS THEFT/LARCENY - TELEPHONE REPORTING UNIT"
"P2600197817","2026-07-02T20:57:36.000","260029225","4","2D","E1","THEFTT - TRS THEFT/LARCENY - TELEPHONE REPORTING UNIT","THEFTT - TRS THEFT/LARCENY - TELEPHONE REPORTING UNIT"
"P2600198133","2026-07-03T05:23:10.000","260029249","4","6D","P3","STLVEHT - TRS STOLEN VEHICLE - TELEPHONE REPORTING UNIT","STLVEHT - TRS STOLEN VEHICLE - TELEPHONE REPORTING UNIT"
"P2600198147","2026-07-03T06:08:06.000","260029250","4","3D","I2","THEFTT - TRS THEFT/LARCENY - TELEPHONE REPORTING UNIT","THEFTT - TRS THEFT/LARCENY - TELEPHONE REPORTING UNIT"
"P2600198178","2026-07-03T07:21:51.000","260029252","4","6D","P3","STLVEHT - TRS STOLEN VEHICLE - TELEPHONE REPORTING UNIT","STLVEHT - TRS STOLEN VEHICLE - TELEPHONE REPORTING UNIT"
"P2600198194","2026-07-03T07:28:41.000","260029253","4","1D","A2","THEFTT - TRS THEFT/LARCENY - TELEPHONE REPORTING UNIT","THEFTT - TRS THEFT/LARCENY - TELEPHONE REPORTING UNIT"
"P2600198210","2026-07-03T08:10:46.000","260029257","4","6D","P1","STLVEHT - TRS STOLEN VEHICLE - TELEPHONE REPORTING UNIT","STLVEHT - TRS STOLEN VEHICLE - TELEPHONE REPORTING UNIT"
"P2600198207","2026-07-03T08:13:17.000","260029266","4","4D","K3","LOSTT-TRS ADMIN (DOCUMENT, LOST OR FOUND PROP, MESSAGES - TELEPHONE REPORTING UNIT","LOSTT-TRS ADMIN (DOCUMENT, LOST OR FOUND PROP, MESSAGES - TELEPHONE REPORTING UNIT"
"P2600198289","2026-07-03T10:00:58.000","260029273","4","4D","L1","THEFTT - TRS THEFT/LARCENY - TELEPHONE REPORTING UNIT","THEFTT - TRS THEFT/LARCENY - TELEPHONE REPORTING UNIT"
"P2600198280","2026-07-03T09:43:51.000","260029274","4","3D","I2","THEFTT - TRS THEFT/LARCENY - TELEPHONE REPORTING UNIT","THEFTT - TRS THEFT/LARCENY - TELEPHONE REPORTING UNIT"
"P2600198302","2026-07-03T10:19:28.000","260029276","4","6D","P3","STLVEHT - TRS STOLEN VEHICLE - TELEPHONE REPORTING UNIT","STLVEHT - TRS STOLEN VEHICLE - TELEPHONE REPORTING UNIT"
"P2600198311","2026-07-03T10:29:04.000","260029279","4","3D","I2","VANDALISM, DAMAGE, MISCHIEF-TRS - TELEPHONE REPORTING UNIT","VANDALISM, DAMAGE, MISCHIEF-TRS - TELEPHONE REPORTING UNIT"
"P2600198326","2026-07-03T10:42:31.000","260029281","4","3D","I1","THEFTT - TRS THEFT/LARCENY - TELEPHONE REPORTING UNIT","THEFTT - TRS THEFT/LARCENY - TELEPHONE REPORTING UNIT"
"P2600198338","2026-07-03T10:48:20.000","260029284","4","4D","L3","FRAUDT-TRS FRAUD / DECEPTION - TELEPHONE REPORTING UNIT","FRAUDT-TRS FRAUD / DECEPTION - TELEPHONE REPORTING UNIT"
"P2600198380","2026-07-03T11:29:08.000","260029288","4","6D","P1","STLVEHT - TRS STOLEN VEHICLE - TELEPHONE REPORTING UNIT","STLVEHT - TRS STOLEN VEHICLE - TELEPHONE REPORTING UNIT"
"P2600198387","2026-07-03T11:49:32.000","260029289","4","4D","L3","LOSTT-TRS ADMIN (DOCUMENT, LOST OR FOUND PROP, MESSAGES - TELEPHONE REPORTING UNIT","LOSTT-TRS ADMIN (DOCUMENT, LOST OR FOUND PROP, MESSAGES - TELEPHONE REPORTING UNIT"
"P2600198392","2026-07-03T11:59:28.000","260029294","4","5D","M2","FRAUDT-TRS FRAUD / DECEPTION - TELEPHONE REPORTING UNIT","FRAUDT-TRS FRAUD / DECEPTION - TELEPHONE REPORTING UNIT"
"P2600198429","2026-07-03T12:33:52.000","260029298","4","6D","P2","STLVEHT - TRS STOLEN VEHICLE - TELEPHONE REPORTING UNIT","STLVEHT - TRS STOLEN VEHICLE - TELEPHONE REPORTING UNIT"
"P2600198425","2026-07-03T12:32:18.000","260029302","4","3D","I2","VANDALISM, DAMAGE, MISCHIEF-TRS - TELEPHONE REPORTING UNIT","VANDALISM, DAMAGE, MISCHIEF-TRS - TELEPHONE REPORTING UNIT"
"P2600198451","2026-07-03T13:02:29.000","260029305","4","5D","N2","STLVEHT - TRS STOLEN VEHICLE - TELEPHONE REPORTING UNIT","STLVEHT - TRS STOLEN VEHICLE - TELEPHONE REPORTING UNIT"
"P2600198487","2026-07-03T13:44:51.000","260029307","4","5D","M2","FRAUDT-TRS FRAUD / DECEPTION - TELEPHONE REPORTING UNIT","FRAUDT-TRS FRAUD / DECEPTION - TELEPHONE REPORTING UNIT"
"P2600198428","2026-07-03T12:37:03.000","260029308","4","6D","R2","THEFTT - TRS THEFT/LARCENY - TELEPHONE REPORTING UNIT","THEFTT - TRS THEFT/LARCENY - TELEPHONE REPORTING UNIT"
"P2600198543","2026-07-03T15:04:53.000","260029315","4","6D","P3","VANDALISM, DAMAGE, MISCHIEF-TRS - TELEPHONE REPORTING UNIT","VANDALISM, DAMAGE, MISCHIEF-TRS - TELEPHONE REPORTING UNIT"
"P2600198606","2026-07-03T16:07:49.000","260029330","4","3D","I1","VANDALISM, DAMAGE, MISCHIEF-TRS - TELEPHONE REPORTING UNIT","VANDALISM, DAMAGE, MISCHIEF-TRS - TELEPHONE REPORTING UNIT"
"P2600198522","2026-07-03T14:41:12.000","260029332","4","4D","L1","THEFTT - TRS THEFT/LARCENY - TELEPHONE REPORTING UNIT","THEFTT - TRS THEFT/LARCENY - TELEPHONE REPORTING UNIT"
"P2600198655","2026-07-03T17:08:35.000","260029334","4","6D","P3","STLVEHT - TRS STOLEN VEHICLE - TELEPHONE REPORTING UNIT","STLVEHT - TRS STOLEN VEHICLE - TELEPHONE REPORTING UNIT"
"P2600198732","2026-07-03T18:49:52.000","260029345","4","4D","L2","THEFTT - TRS THEFT/LARCENY - TELEPHONE REPORTING UNIT","THEFTT - TRS THEFT/LARCENY - TELEPHONE REPORTING UNIT"
"P2600198745","2026-07-03T19:06:42.000","260029346","4","3D","I2","STLVEHT - TRS STOLEN VEHICLE - TELEPHONE REPORTING UNIT","STLVEHT - TRS STOLEN VEHICLE - TELEPHONE REPORTING UNIT"
"P2600198779","2026-07-03T19:41:34.000","260029356","4","1D","A1","FRAUDT-TRS FRAUD / DECEPTION - TELEPHONE REPORTING UNIT","FRAUDT-TRS FRAUD / DECEPTION - TELEPHONE REPORTING UNIT"
"P2600198846","2026-07-03T20:49:37.000","260029363","4","1D","A2","STLVEHT - TRS STOLEN VEHICLE - TELEPHONE REPORTING UNIT","STLVEHT - TRS STOLEN VEHICLE - TELEPHONE REPORTING UNIT"
"P2600198836","2026-07-03T20:41:47.000","260029369","4","2D","E2","LOSTT-TRS ADMIN (DOCUMENT, LOST OR FOUND PROP, MESSAGES - TELEPHONE REPORTING UNIT","LOSTT-TRS ADMIN (DOCUMENT, LOST OR FOUND PROP, MESSAGES - TELEPHONE REPORTING UNIT"
"P2600198951","2026-07-03T22:19:20.000","260029372","4","4D","L3","LOSTT-TRS ADMIN (DOCUMENT, LOST OR FOUND PROP, MESSAGES - TELEPHONE REPORTING UNIT","LOSTT-TRS ADMIN (DOCUMENT, LOST OR FOUND PROP, MESSAGES - TELEPHONE REPORTING UNIT"
"P2600199039","2026-07-03T23:45:18.000","260029391","4","4D","K3","LOSTT-TRS ADMIN (DOCUMENT, LOST OR FOUND PROP, MESSAGES - TELEPHONE REPORTING UNIT","LOSTT-TRS ADMIN (DOCUMENT, LOST OR FOUND PROP, MESSAGES - TELEPHONE REPORTING UNIT"
"P2600198825","2026-07-03T20:26:39.000","260029392","4","4D","L2","THEFTT - TRS THEFT/LARCENY - TELEPHONE REPORTING UNIT","THEFTT - TRS THEFT/LARCENY - TELEPHONE REPORTING UNIT"
"P2600199264","2026-07-04T04:51:09.000","260029410","4","1D","A2","STLVEHT - TRS STOLEN VEHICLE - TELEPHONE REPORTING UNIT","STLVEHT - TRS STOLEN VEHICLE - TELEPHONE REPORTING UNIT"
"P2600199379","2026-07-04T09:32:41.000","260029415","4","2D","D1","THEFTT - TRS THEFT/LARCENY - TELEPHONE REPORTING UNIT","THEFTT - TRS THEFT/LARCENY - TELEPHONE REPORTING UNIT"
"P2600199451","2026-07-04T11:34:07.000","260029424","4","4D","L3","THEFTT - TRS THEFT/LARCENY - TELEPHONE REPORTING UNIT","THEFTT - TRS THEFT/LARCENY - TELEPHONE REPORTING UNIT"
"P2600199461","2026-07-04T11:56:11.000","260029425","4","4D","L2","STLVEHT - TRS STOLEN VEHICLE - TELEPHONE REPORTING UNIT","STLVEHT - TRS STOLEN VEHICLE - TELEPHONE REPORTING UNIT"
"P2600199450","2026-07-04T11:32:58.000","260029426","4","3D","G1","LOSTT-TRS ADMIN (DOCUMENT, LOST OR FOUND PROP, MESSAGES - TELEPHONE REPORTING UNIT","LOSTT-TRS ADMIN (DOCUMENT, LOST OR FOUND PROP, MESSAGES - TELEPHONE REPORTING UNIT"
"P2600199468","2026-07-04T12:10:22.000","260029430","4","2D","D1","VANDALISM, DAMAGE, MISCHIEF-TRS - TELEPHONE REPORTING UNIT","VANDALISM, DAMAGE, MISCHIEF-TRS - TELEPHONE REPORTING UNIT"
"P2600199520","2026-07-04T13:28:46.000","260029440","4","4D","L3","VANDALISM, DAMAGE, MISCHIEF-TRS - TELEPHONE REPORTING UNIT","VANDALISM, DAMAGE, MISCHIEF-TRS - TELEPHONE REPORTING UNIT"
"P2600199602","2026-07-04T15:23:08.000","260029453","4","1D","B2","THEFTT - TRS THEFT/LARCENY - TELEPHONE REPORTING UNIT","THEFTT - TRS THEFT/LARCENY - TELEPHONE REPORTING UNIT"
"P2600199570","2026-07-04T14:48:07.000","260029455","4","2D","D1","THEFTT - TRS THEFT/LARCENY - TELEPHONE REPORTING UNIT","THEFTT - TRS THEFT/LARCENY - TELEPHONE REPORTING UNIT"
"P2600199615","2026-07-04T15:42:49.000","260029456","4","3D","I2","VANDALISM, DAMAGE, MISCHIEF-TRS - TELEPHONE REPORTING UNIT","VANDALISM, DAMAGE, MISCHIEF-TRS - TELEPHONE REPORTING UNIT"
"P2600199793","2026-07-04T19:06:15.000","260029470","4","5D","N1","THEFTT - TRS THEFT/LARCENY - TELEPHONE REPORTING UNIT","THEFTT - TRS THEFT/LARCENY - TELEPHONE REPORTING UNIT"
"P2600199979","2026-07-04T21:59:18.000","260029484","4","5D","M1","LOSTT-TRS ADMIN (DOCUMENT, LOST OR FOUND PROP, MESSAGES - TELEPHONE REPORTING UNIT","LOSTT-TRS ADMIN (DOCUMENT, LOST OR FOUND PROP, MESSAGES - TELEPHONE REPORTING UNIT"
"P2600200225","2026-07-05T01:00:32.000","260029493","4","4D","L1","STLVEHT - TRS STOLEN VEHICLE - TELEPHONE REPORTING UNIT","STLVEHT - TRS STOLEN VEHICLE - TELEPHONE REPORTING UNIT"
"P2600200296","2026-07-05T02:19:32.000","260029504","4","6D","R3","STLVEHT - TRS STOLEN VEHICLE - TELEPHONE REPORTING UNIT","STLVEHT - TRS STOLEN VEHICLE - TELEPHONE REPORTING UNIT"
"P2600200379","2026-07-05T05:06:40.000","260029509","4","2D","E2","THEFTT - TRS THEFT/LARCENY - TELEPHONE REPORTING UNIT","THEFTT - TRS THEFT/LARCENY - TELEPHONE REPORTING UNIT"
"P2600200388","2026-07-05T05:34:47.000","260029510","4","6D","R3","VANDALISM, DAMAGE, MISCHIEF-TRS - TELEPHONE REPORTING UNIT","THEFTT - TRS THEFT/LARCENY - TELEPHONE REPORTING UNIT"
"P2600200496","2026-07-05T09:08:40.000","260029521","4","6D","R2","VANDALISM, DAMAGE, MISCHIEF-TRS - TELEPHONE REPORTING UNIT","VANDALISM, DAMAGE, MISCHIEF-TRS - TELEPHONE REPORTING UNIT"
"P2600200541","2026-07-05T10:24:05.000","260029530","4","2D","D1","THEFTT - TRS THEFT/LARCENY - TELEPHONE REPORTING UNIT","THEFTT - TRS THEFT/LARCENY - TELEPHONE REPORTING UNIT"
"P2600200523","2026-07-05T09:56:05.000","260029532","4","3D","I2","LOSTT-TRS ADMIN (DOCUMENT, LOST OR FOUND PROP, MESSAGES - TELEPHONE REPORTING UNIT","LOSTT-TRS ADMIN (DOCUMENT, LOST OR FOUND PROP, MESSAGES - TELEPHONE REPORTING UNIT"
"P2600200575","2026-07-05T11:05:04.000","260029542","4","5D","M1","STLVEHT - TRS STOLEN VEHICLE - TELEPHONE REPORTING UNIT","STLVEHT - TRS STOLEN VEHICLE - TELEPHONE REPORTING UNIT"
"P2600200614","2026-07-05T12:21:40.000","260029543","4","5D","N3","STLVEHT - TRS STOLEN VEHICLE - TELEPHONE REPORTING UNIT","STLVEHT - TRS STOLEN VEHICLE - TELEPHONE REPORTING UNIT"
"P2600200596","2026-07-05T11:44:15.000","260029547","4","5D","N2","FRAUDT-TRS FRAUD / DECEPTION - TELEPHONE REPORTING UNIT","FRAUDT-TRS FRAUD / DECEPTION - TELEPHONE REPORTING UNIT"
"P2600200627","2026-07-05T12:29:47.000","260029549","4","6D","R3","THEFTT - TRS THEFT/LARCENY - TELEPHONE REPORTING UNIT","THEFTT - TRS THEFT/LARCENY - TELEPHONE REPORTING UNIT"
"P2600200630","2026-07-05T12:36:29.000","260029552","4","6D","R3","VANDALISM, DAMAGE, MISCHIEF-TRS - TELEPHONE REPORTING UNIT","THEFTT - TRS THEFT/LARCENY - TELEPHONE REPORTING UNIT"
"P2600200675","2026-07-05T13:40:26.000","260029555","4","6D","R3","FRAUDT-TRS FRAUD / DECEPTION - TELEPHONE REPORTING UNIT","FRAUDT-TRS FRAUD / DECEPTION - TELEPHONE REPORTING UNIT"
"P2600200687","2026-07-05T13:59:02.000","260029556","4","6D","P3","STLVEHT - TRS STOLEN VEHICLE - TELEPHONE REPORTING UNIT","STLVEHT - TRS STOLEN VEHICLE - TELEPHONE REPORTING UNIT"
"P2600200736","2026-07-05T14:57:52.000","260029562","4","4D","K3","STLVEHT - TRS STOLEN VEHICLE - TELEPHONE REPORTING UNIT","THEFTT - TRS THEFT/LARCENY - TELEPHONE REPORTING UNIT"
"P2600200850","2026-07-05T17:34:16.000","260029578","4","4D","L3","THEFTT - TRS THEFT/LARCENY - TELEPHONE REPORTING UNIT","THEFTT - TRS THEFT/LARCENY - TELEPHONE REPORTING UNIT"
"P2600200869","2026-07-05T17:58:14.000","260029584","4","4D","L1","THEFTT - TRS THEFT/LARCENY - TELEPHONE REPORTING UNIT","THEFTT - TRS THEFT/LARCENY - TELEPHONE REPORTING UNIT"
"P2600200933","2026-07-05T19:18:42.000","260029590","4","4D","L3","THEFTT - TRS THEFT/LARCENY - TELEPHONE REPORTING UNIT","THEFTT - TRS THEFT/LARCENY - TELEPHONE REPORTING UNIT"
"P2600200972","2026-07-05T19:50:50.000","260029594","4","6D","P2","LOSTT-TRS ADMIN (DOCUMENT, LOST OR FOUND PROP, MESSAGES - TELEPHONE REPORTING UNIT","LOSTT-TRS ADMIN (DOCUMENT, LOST OR FOUND PROP, MESSAGES - TELEPHONE REPORTING UNIT"
"P2600200961","2026-07-05T19:46:52.000","260029595","4","4D","L1","THEFTT - TRS THEFT/LARCENY - TELEPHONE REPORTING UNIT","THEFTT - TRS THEFT/LARCENY - TELEPHONE REPORTING UNIT"
"P2600201421","2026-07-06T07:47:16.000","260029616","4","3D","G1","THEFTT - TRS THEFT/LARCENY - TELEPHONE REPORTING UNIT","THEFTT - TRS THEFT/LARCENY - TELEPHONE REPORTING UNIT"
"P2600201512","2026-07-06T09:56:28.000","260029624","4","5D","M3","THEFTT - TRS THEFT/LARCENY - TELEPHONE REPORTING UNIT","THEFTT - TRS THEFT/LARCENY - TELEPHONE REPORTING UNIT"
"P2600201472","2026-07-06T09:12:04.000","260029625","4","5D","N1","THEFTT - TRS THEFT/LARCENY - TELEPHONE REPORTING UNIT","THEFTT - TRS THEFT/LARCENY - TELEPHONE REPORTING UNIT"
"P2600201536","2026-07-06T10:19:32.000","260029637","4","1D","A1","THEFTT - TRS THEFT/LARCENY - TELEPHONE REPORTING UNIT","THEFTT - TRS THEFT/LARCENY - TELEPHONE REPORTING UNIT"
"P2600201596","2026-07-06T11:34:09.000","260029648","4","4D","K1","THEFTT - TRS THEFT/LARCENY - TELEPHONE REPORTING UNIT","THEFTT - TRS THEFT/LARCENY - TELEPHONE REPORTING UNIT"
"P2600201619","2026-07-06T11:54:38.000","260029653","4","6D","R2","THEFTT - TRS THEFT/LARCENY - TELEPHONE REPORTING UNIT","THEFTT - TRS THEFT/LARCENY - TELEPHONE REPORTING UNIT"
"P2600201620","2026-07-06T11:59:22.000","260029657","4","4D","L1","THEFTT - TRS THEFT/LARCENY - TELEPHONE REPORTING UNIT","THEFTT - TRS THEFT/LARCENY - TELEPHONE REPORTING UNIT"
"P2600201600","2026-07-06T11:39:26.000","260029659","4","3D","I3","THEFTT - TRS THEFT/LARCENY - TELEPHONE REPORTING UNIT","THEFTT - TRS THEFT/LARCENY - TELEPHONE REPORTING UNIT"
"P2600201793","2026-07-06T14:52:57.000","260029672","4","2D","E2","VANDALISM, DAMAGE, MISCHIEF-TRS - TELEPHONE REPORTING UNIT","VANDALISM, DAMAGE, MISCHIEF-TRS - TELEPHONE REPORTING UNIT"
"P2600201768","2026-07-06T14:37:44.000","260029677","4","2D","D1","THEFTT - TRS THEFT/LARCENY - TELEPHONE REPORTING UNIT","THEFTT - TRS THEFT/LARCENY - TELEPHONE REPORTING UNIT"
"P2600201680","2026-07-06T13:05:58.000","260029685","4","2D","E1","FRAUDT-TRS FRAUD / DECEPTION - TELEPHONE REPORTING UNIT","FRAUDT-TRS FRAUD / DECEPTION - TELEPHONE REPORTING UNIT"
"P2600201975","2026-07-06T18:11:08.000","260029715","4","1D","A2","THEFTT - TRS THEFT/LARCENY - TELEPHONE REPORTING UNIT","THEFTT - TRS THEFT/LARCENY - TELEPHONE REPORTING UNIT"
"P2600201969","2026-07-06T18:11:01.000","260029718","4","2D","D1","FRAUDT-TRS FRAUD / DECEPTION - TELEPHONE REPORTING UNIT","FRAUDT-TRS FRAUD / DECEPTION - TELEPHONE REPORTING UNIT"
"P2600202118","2026-07-06T21:39:53.000","260029732","4","6D","R2","LOSTT-TRS ADMIN (DOCUMENT, LOST OR FOUND PROP, MESSAGES - TELEPHONE REPORTING UNIT","THEFTT - TRS THEFT/LARCENY - TELEPHONE REPORTING UNIT"
"P2600202294","2026-07-07T03:54:18.000","260029745","4","3D","G3","THEFTT - TRS THEFT/LARCENY - TELEPHONE REPORTING UNIT","THEFTT - TRS THEFT/LARCENY - TELEPHONE REPORTING UNIT"
"P2600202340","2026-07-07T05:46:43.000","260029748","4","6D","R2","THEFT/LARCENY - OCCURRED EARLIER","STLVEHT - TRS STOLEN VEHICLE - TELEPHONE REPORTING UNIT"
"P2600202369","2026-07-07T06:39:38.000","260029751","4","4D","L1","THEFTT - TRS THEFT/LARCENY - TELEPHONE REPORTING UNIT","THEFTT - TRS THEFT/LARCENY - TELEPHONE REPORTING UNIT"
"P2600202381","2026-07-07T07:05:24.000","260029754","4","2D","E1","THEFTT - TRS THEFT/LARCENY - TELEPHONE REPORTING UNIT","THEFTT - TRS THEFT/LARCENY - TELEPHONE REPORTING UNIT"
"P2600202399","2026-07-07T07:31:39.000","260029773","4","5D","M1","LOSTT-TRS ADMIN (DOCUMENT, LOST OR FOUND PROP, MESSAGES - TELEPHONE REPORTING UNIT","LOSTT-TRS ADMIN (DOCUMENT, LOST OR FOUND PROP, MESSAGES - TELEPHONE REPORTING UNIT"
"P2600202475","2026-07-07T08:55:41.000","260029777","4","4D","L1","STLVEHT - TRS STOLEN VEHICLE - TELEPHONE REPORTING UNIT","STLVEHT - TRS STOLEN VEHICLE - TELEPHONE REPORTING UNIT"
"P2600202485","2026-07-07T09:08:39.000","260029781","4","6D","P3","LOSTT-TRS ADMIN (DOCUMENT, LOST OR FOUND PROP, MESSAGES - TELEPHONE REPORTING UNIT","LOSTT-TRS ADMIN (DOCUMENT, LOST OR FOUND PROP, MESSAGES - TELEPHONE REPORTING UNIT"
"P2600202493","2026-07-07T09:14:20.000","260029782","4","3D","I1","STLVEHT - TRS STOLEN VEHICLE - TELEPHONE REPORTING UNIT","STLVEHT - TRS STOLEN VEHICLE - TELEPHONE REPORTING UNIT"
"P2600202496","2026-07-07T09:20:10.000","260029785","4","6D","R3","VANDALISM, DAMAGE, MISCHIEF-TRS - TELEPHONE REPORTING UNIT","VANDALISM, DAMAGE, MISCHIEF-TRS - TELEPHONE REPORTING UNIT"
"P2600202524","2026-07-07T09:57:20.000","260029787","4","3D","G2","THEFTT - TRS THEFT/LARCENY - TELEPHONE REPORTING UNIT","THEFTT - TRS THEFT/LARCENY - TELEPHONE REPORTING UNIT"
"P2600202517","2026-07-07T09:50:20.000","260029790","4","2D","D2","FRAUDT-TRS FRAUD / DECEPTION - TELEPHONE REPORTING UNIT","FRAUDT-TRS FRAUD / DECEPTION - TELEPHONE REPORTING UNIT"
"P2600202513","2026-07-07T09:45:37.000","260029794","4","2D","E1","FRAUDT-TRS FRAUD / DECEPTION - TELEPHONE REPORTING UNIT","FRAUDT-TRS FRAUD / DECEPTION - TELEPHONE REPORTING UNIT"
"P2600202559","2026-07-07T10:32:13.000","260029798","4","5D","N1","THEFTT - TRS THEFT/LARCENY - TELEPHONE REPORTING UNIT","THEFTT - TRS THEFT/LARCENY - TELEPHONE REPORTING UNIT"
"P2600202608","2026-07-07T11:19:58.000","260029801","4","3D","I2","VANDALISM, DAMAGE, MISCHIEF-TRS - TELEPHONE REPORTING UNIT","VANDALISM, DAMAGE, MISCHIEF-TRS - TELEPHONE REPORTING UNIT"
"P2600202662","2026-07-07T12:20:51.000","260029808","4","6D","R3","FRAUDT-TRS FRAUD / DECEPTION - TELEPHONE REPORTING UNIT","FRAUDT-TRS FRAUD / DECEPTION - TELEPHONE REPORTING UNIT"
"P2600202671","2026-07-07T12:33:22.000","260029811","4","4D","K3","FRAUDT-TRS FRAUD / DECEPTION - TELEPHONE REPORTING UNIT","FRAUDT-TRS FRAUD / DECEPTION - TELEPHONE REPORTING UNIT"
"P2600202687","2026-07-07T12:40:19.000","260029815","4","4D","K1","FRAUDT-TRS FRAUD / DECEPTION - TELEPHONE REPORTING UNIT","FRAUDT-TRS FRAUD / DECEPTION - TELEPHONE REPORTING UNIT"
"P2600202809","2026-07-07T14:46:47.000","260029838","4","4D","K1","FRAUDT-TRS FRAUD / DECEPTION - TELEPHONE REPORTING UNIT","FRAUDT-TRS FRAUD / DECEPTION - TELEPHONE REPORTING UNIT"
"P2600202846","2026-07-07T15:18:24.000","260029840","4","3D","G1","STLVEHT - TRS STOLEN VEHICLE - TELEPHONE REPORTING UNIT","STLVEHT - TRS STOLEN VEHICLE - TELEPHONE REPORTING UNIT"
"P2600202835","2026-07-07T15:09:04.000","260029841","4","3D","I3","THEFTT - TRS THEFT/LARCENY - TELEPHONE REPORTING UNIT","THEFTT - TRS THEFT/LARCENY - TELEPHONE REPORTING UNIT"
"P2600202864","2026-07-07T15:30:11.000","260029848","4","6D","R3","THEFTT - TRS THEFT/LARCENY - TELEPHONE REPORTING UNIT","THEFTT - TRS THEFT/LARCENY - TELEPHONE REPORTING UNIT"
"P2600202876","2026-07-07T15:45:25.000","260029854","4","3D","G3","THEFTT - TRS THEFT/LARCENY - TELEPHONE REPORTING UNIT","THEFTT - TRS THEFT/LARCENY - TELEPHONE REPORTING UNIT"
"P2600202928","2026-07-07T16:33:53.000","260029861","4","5D","N1","VANDALISM, DAMAGE, MISCHIEF-TRS - TELEPHONE REPORTING UNIT","VANDALISM, DAMAGE, MISCHIEF-TRS - TELEPHONE REPORTING UNIT"
"P2600202918","2026-07-07T16:25:58.000","260029862","4","3D","G2","THEFTT - TRS THEFT/LARCENY - TELEPHONE REPORTING UNIT","THEFTT - TRS THEFT/LARCENY - TELEPHONE REPORTING UNIT"
"P2600202955","2026-07-07T17:00:59.000","260029865","4","5D","M2","LOSTT-TRS ADMIN (DOCUMENT, LOST OR FOUND PROP, MESSAGES - TELEPHONE REPORTING UNIT","LOSTT-TRS ADMIN (DOCUMENT, LOST OR FOUND PROP, MESSAGES - TELEPHONE REPORTING UNIT"
"P2600202929","2026-07-07T16:33:31.000","260029870","4","2D","E1","THEFTT - TRS THEFT/LARCENY - TELEPHONE REPORTING UNIT","THEFTT - TRS THEFT/LARCENY - TELEPHONE REPORTING UNIT"
"P2600203137","2026-07-07T20:10:14.000","260029890","4","3D","I2","THEFTT - TRS THEFT/LARCENY - TELEPHONE REPORTING UNIT","THEFTT - TRS THEFT/LARCENY - TELEPHONE REPORTING UNIT"
"P2600203182","2026-07-07T21:04:32.000","260029902","4","3D","G2","THEFTT - TRS THEFT/LARCENY - TELEPHONE REPORTING UNIT","THEFTT - TRS THEFT/LARCENY - TELEPHONE REPORTING UNIT"
"P2600203219","2026-07-07T21:36:45.000","260029904","4","2D","D2","THEFTT - TRS THEFT/LARCENY - TELEPHONE REPORTING UNIT","THEFTT - TRS THEFT/LARCENY - TELEPHONE REPORTING UNIT"
"P2600203191","2026-07-07T21:14:57.000","260029905","4","2D","E1","THEFTT - TRS THEFT/LARCENY - TELEPHONE REPORTING UNIT","THEFTT - TRS THEFT/LARCENY - TELEPHONE REPORTING UNIT"
"P2600203063","2026-07-07T18:58:29.000","260029908","4","6D","P3","THEFTT - TRS THEFT/LARCENY - TELEPHONE REPORTING UNIT","THEFTT - TRS THEFT/LARCENY - TELEPHONE REPORTING UNIT"
"P2600203226","2026-07-07T21:46:04.000","260029910","4","2D","D2","THEFTT - TRS THEFT/LARCENY - TELEPHONE REPORTING UNIT","THEFTT - TRS THEFT/LARCENY - TELEPHONE REPORTING UNIT"
"P2600203474","2026-07-08T06:51:37.000","260029927","4","6D","P2","STLVEHT - TRS STOLEN VEHICLE - TELEPHONE REPORTING UNIT","STLVEHT - TRS STOLEN VEHICLE - TELEPHONE REPORTING UNIT"
"P2600203510","2026-07-08T07:50:58.000","260029931","4","3D","G2","THEFTT - TRS THEFT/LARCENY - TELEPHONE REPORTING UNIT","THEFTT - TRS THEFT/LARCENY - TELEPHONE REPORTING UNIT"
"P2600203504","2026-07-08T07:41:10.000","260029934","4","6D","R1","VANDALISM, DAMAGE, MISCHIEF-TRS - TELEPHONE REPORTING UNIT","VANDALISM, DAMAGE, MISCHIEF-TRS - TELEPHONE REPORTING UNIT"
"P2600203491","2026-07-08T07:21:45.000","260029936","4","4D","K3","THEFTT - TRS THEFT/LARCENY - TELEPHONE REPORTING UNIT","THEFTT - TRS THEFT/LARCENY - TELEPHONE REPORTING UNIT"
"P2600203511","2026-07-08T07:57:59.000","260029941","4","3D","I3","THEFTT - TRS THEFT/LARCENY - TELEPHONE REPORTING UNIT","THEFTT - TRS THEFT/LARCENY - TELEPHONE REPORTING UNIT"
"P2600203532","2026-07-08T08:14:14.000","260029947","4","3D","G2","THEFTT - TRS THEFT/LARCENY - TELEPHONE REPORTING UNIT","THEFTT - TRS THEFT/LARCENY - TELEPHONE REPORTING UNIT"
"P2600203609","2026-07-08T09:56:48.000","260029953","4","2D","E1","FRAUDT-TRS FRAUD / DECEPTION - TELEPHONE REPORTING UNIT","FRAUDT-TRS FRAUD / DECEPTION - TELEPHONE REPORTING UNIT"
"P2600203528","2026-07-08T08:12:58.000","260029955","4","4D","K3","THEFTT - TRS THEFT/LARCENY - TELEPHONE REPORTING UNIT","THEFTT - TRS THEFT/LARCENY - TELEPHONE REPORTING UNIT"
"P2600203607","2026-07-08T09:50:21.000","260029959","4","5D","N1","LOSTT-TRS ADMIN (DOCUMENT, LOST OR FOUND PROP, MESSAGES - TELEPHONE REPORTING UNIT","LOSTT-TRS ADMIN (DOCUMENT, LOST OR FOUND PROP, MESSAGES - TELEPHONE REPORTING UNIT"
"P2600203666","2026-07-08T10:59:59.000","260029962","4","4D","K3","THEFTT - TRS THEFT/LARCENY - TELEPHONE REPORTING UNIT","THEFTT - TRS THEFT/LARCENY - TELEPHONE REPORTING UNIT"
"P2600203622","2026-07-08T10:17:16.000","260029970","4","4D","K1","STLVEHT - TRS STOLEN VEHICLE - TELEPHONE REPORTING UNIT","STLVEHT - TRS STOLEN VEHICLE - TELEPHONE REPORTING UNIT"
"P2600203686","2026-07-08T11:19:29.000","260029973","4","4D","K1","THEFTT - TRS THEFT/LARCENY - TELEPHONE REPORTING UNIT","THEFTT - TRS THEFT/LARCENY - TELEPHONE REPORTING UNIT"
"P2600203667","2026-07-08T10:55:05.000","260029975","4","1D","A1","STLVEHT - TRS STOLEN VEHICLE - TELEPHONE REPORTING UNIT","STLVEHT - TRS STOLEN VEHICLE - TELEPHONE REPORTING UNIT"
"P2600203708","2026-07-08T11:40:23.000","260029976","4","6D","R2","LOSTT-TRS ADMIN (DOCUMENT, LOST OR FOUND PROP, MESSAGES - TELEPHONE REPORTING UNIT","LOSTT-TRS ADMIN (DOCUMENT, LOST OR FOUND PROP, MESSAGES - TELEPHONE REPORTING UNIT"
"P2600203705","2026-07-08T11:33:58.000","260029982","4","4D","L2","FRAUDT-TRS FRAUD / DECEPTION - TELEPHONE REPORTING UNIT","FRAUDT-TRS FRAUD / DECEPTION - TELEPHONE REPORTING UNIT"
"P2600203768","2026-07-08T12:35:21.000","260029983","4","2D","E1","THEFTT - TRS THEFT/LARCENY - TELEPHONE REPORTING UNIT","THEFTT - TRS THEFT/LARCENY - TELEPHONE REPORTING UNIT"
"P2600203818","2026-07-08T13:26:32.000","260029989","4","4D","L3","LOSTT-TRS ADMIN (DOCUMENT, LOST OR FOUND PROP, MESSAGES - TELEPHONE REPORTING UNIT","LOSTT-TRS ADMIN (DOCUMENT, LOST OR FOUND PROP, MESSAGES - TELEPHONE REPORTING UNIT"
"P2600203964","2026-07-08T15:46:27.000","260030016","4","2D","E2","LOSTT-TRS ADMIN (DOCUMENT, LOST OR FOUND PROP, MESSAGES - TELEPHONE REPORTING UNIT","LOSTT-TRS ADMIN (DOCUMENT, LOST OR FOUND PROP, MESSAGES - TELEPHONE REPORTING UNIT"
"P2600203822","2026-07-08T13:26:44.000","260030024","4","6D","P2","STLVEHT - TRS STOLEN VEHICLE - TELEPHONE REPORTING UNIT","STLVEHT - TRS STOLEN VEHICLE - TELEPHONE REPORTING UNIT"
"P2600204063","2026-07-08T17:10:02.000","260030030","4","3D","I2","STLVEHT - TRS STOLEN VEHICLE - TELEPHONE REPORTING UNIT","STLVEHT - TRS STOLEN VEHICLE - TELEPHONE REPORTING UNIT"
"P2600204067","2026-07-08T17:13:56.000","260030032","4","4D","L3","THEFTT - TRS THEFT/LARCENY - TELEPHONE REPORTING UNIT","THEFTT - TRS THEFT/LARCENY - TELEPHONE REPORTING UNIT"
"P2600204060","2026-07-08T17:10:39.000","260030036","4","3D","I3","LOSTT-TRS ADMIN (DOCUMENT, LOST OR FOUND PROP, MESSAGES - TELEPHONE REPORTING UNIT","LOSTT-TRS ADMIN (DOCUMENT, LOST OR FOUND PROP, MESSAGES - TELEPHONE REPORTING UNIT"
"P2600204099","2026-07-08T17:44:07.000","260030040","4","3D","I1","THEFTT - TRS THEFT/LARCENY - TELEPHONE REPORTING UNIT","THEFTT - TRS THEFT/LARCENY - TELEPHONE REPORTING UNIT"
"P2600204087","2026-07-08T17:33:48.000","260030041","4","3D","G2","THEFTT - TRS THEFT/LARCENY - TELEPHONE REPORTING UNIT","THEFTT - TRS THEFT/LARCENY - TELEPHONE REPORTING UNIT"
"P2600204148","2026-07-08T18:46:52.000","260030052","4","4D","L3","THEFTT - TRS THEFT/LARCENY - TELEPHONE REPORTING UNIT","THEFTT - TRS THEFT/LARCENY - TELEPHONE REPORTING UNIT"
"P2600204297","2026-07-08T21:41:04.000","260030074","4","4D","L3","THEFTT - TRS THEFT/LARCENY - TELEPHONE REPORTING UNIT","THEFTT - TRS THEFT/LARCENY - TELEPHONE REPORTING UNIT"
"P2600204387","2026-07-08T23:18:46.000","260030085","4","3D","I1","THEFTT - TRS THEFT/LARCENY - TELEPHONE REPORTING UNIT","THEFTT - TRS THEFT/LARCENY - TELEPHONE REPORTING UNIT"
"P2600204597","2026-07-09T05:55:42.000","260030092","4","5D","N2","STLVEHT - TRS STOLEN VEHICLE - TELEPHONE REPORTING UNIT","STLVEHT - TRS STOLEN VEHICLE - TELEPHONE REPORTING UNIT"
"P2600204595","2026-07-09T05:50:29.000","260030093","4","1D","B2","STLVEHT - TRS STOLEN VEHICLE - TELEPHONE REPORTING UNIT","STLVEHT - TRS STOLEN VEHICLE - TELEPHONE REPORTING UNIT"
"P2600204636","2026-07-09T07:06:48.000","260030094","4","1D","B2","STLVEHT - TRS STOLEN VEHICLE - TELEPHONE REPORTING UNIT","STLVEHT - TRS STOLEN VEHICLE - TELEPHONE REPORTING UNIT"
"P2600204645","2026-07-09T07:16:31.000","260030096","4","6D","R1","THEFTT - TRS THEFT/LARCENY - TELEPHONE REPORTING UNIT","THEFTT - TRS THEFT/LARCENY - TELEPHONE REPORTING UNIT"
"P2600204649","2026-07-09T07:21:46.000","260030097","4","1D","B2","THEFTT - TRS THEFT/LARCENY - TELEPHONE REPORTING UNIT","THEFTT - TRS THEFT/LARCENY - TELEPHONE REPORTING UNIT"
"P2600204714","2026-07-09T08:45:11.000","260030101","4","1D","B2","THEFTT - TRS THEFT/LARCENY - TELEPHONE REPORTING UNIT","THEFTT - TRS THEFT/LARCENY - TELEPHONE REPORTING UNIT"
"P2600204685","2026-07-09T08:14:42.000","260030103","4","1D","B2","STLVEHT - TRS STOLEN VEHICLE - TELEPHONE REPORTING UNIT","STLVEHT - TRS STOLEN VEHICLE - TELEPHONE REPORTING UNIT"
"P2600204725","2026-07-09T09:01:14.000","260030104","4","2D","D1","THEFTT - TRS THEFT/LARCENY - TELEPHONE REPORTING UNIT","THEFTT - TRS THEFT/LARCENY - TELEPHONE REPORTING UNIT"
"P2600204781","2026-07-09T09:56:22.000","260030107","4","3D","I1","STLVEHT - TRS STOLEN VEHICLE - TELEPHONE REPORTING UNIT","STLVEHT - TRS STOLEN VEHICLE - TELEPHONE REPORTING UNIT"
"P2600204743","2026-07-09T09:17:44.000","260030111","4","4D","K1","THEFTT - TRS THEFT/LARCENY - TELEPHONE REPORTING UNIT","THEFTT - TRS THEFT/LARCENY - TELEPHONE REPORTING UNIT"
"P2600204760","2026-07-09T09:32:30.000","260030115","4","1D","B2","THEFTT - TRS THEFT/LARCENY - TELEPHONE REPORTING UNIT","THEFTT - TRS THEFT/LARCENY - TELEPHONE REPORTING UNIT"
"P2600204798","2026-07-09T10:17:40.000","260030120","4","6D","P2","THEFTT - TRS THEFT/LARCENY - TELEPHONE REPORTING UNIT","THEFTT - TRS THEFT/LARCENY - TELEPHONE REPORTING UNIT"
"P2600204827","2026-07-09T10:44:04.000","260030121","4","6D","R3","STLVEHT - TRS STOLEN VEHICLE - TELEPHONE REPORTING UNIT","STLVEHT - TRS STOLEN VEHICLE - TELEPHONE REPORTING UNIT"
"P2600204829","2026-07-09T10:45:17.000","260030122","4","3D","I3","STLVEHT - TRS STOLEN VEHICLE - TELEPHONE REPORTING UNIT","STLVEHT - TRS STOLEN VEHICLE - TELEPHONE REPORTING UNIT"
"P2600204811","2026-07-09T10:33:55.000","260030127","4","3D","G1","THEFTT - TRS THEFT/LARCENY - TELEPHONE REPORTING UNIT","THEFTT - TRS THEFT/LARCENY - TELEPHONE REPORTING UNIT"
"P2600204884","2026-07-09T11:36:46.000","260030129","4","3D","I3","LOSTT-TRS ADMIN (DOCUMENT, LOST OR FOUND PROP, MESSAGES - TELEPHONE REPORTING UNIT","LOSTT-TRS ADMIN (DOCUMENT, LOST OR FOUND PROP, MESSAGES - TELEPHONE REPORTING UNIT"
"P2600204837","2026-07-09T10:57:33.000","260030136","4","4D","L1","FRAUDT-TRS FRAUD / DECEPTION - TELEPHONE REPORTING UNIT","FRAUDT-TRS FRAUD / DECEPTION - TELEPHONE REPORTING UNIT"
"P2600204950","2026-07-09T12:40:19.000","260030146","4","2D","E1","THEFTT - TRS THEFT/LARCENY - TELEPHONE REPORTING UNIT","THEFTT - TRS THEFT/LARCENY - TELEPHONE REPORTING UNIT"
"P2600204985","2026-07-09T13:15:09.000","260030148","4","1D","B2","THEFTT - TRS THEFT/LARCENY - TELEPHONE REPORTING UNIT","THEFTT - TRS THEFT/LARCENY - TELEPHONE REPORTING UNIT"
"P2600205006","2026-07-09T13:36:27.000","260030159","4","4D","K2","LOSTT-TRS ADMIN (DOCUMENT, LOST OR FOUND PROP, MESSAGES - TELEPHONE REPORTING UNIT","LOSTT-TRS ADMIN (DOCUMENT, LOST OR FOUND PROP, MESSAGES - TELEPHONE REPORTING UNIT"
"P2600205149","2026-07-09T15:44:51.000","260030185","4","6D","R3","VANDALISM, DAMAGE, MISCHIEF-TRS - TELEPHONE REPORTING UNIT","VANDALISM, DAMAGE, MISCHIEF-TRS - TELEPHONE REPORTING UNIT"
"P2600205242","2026-07-09T17:02:47.000","260030199","4","3D","I1","THEFTT - TRS THEFT/LARCENY - TELEPHONE REPORTING UNIT","THEFTT - TRS THEFT/LARCENY - TELEPHONE REPORTING UNIT"
"P2600205066","2026-07-09T14:33:36.000","260030205","4","1D","B2","THEFTT - TRS THEFT/LARCENY - TELEPHONE REPORTING UNIT","THEFTT - TRS THEFT/LARCENY - TELEPHONE REPORTING UNIT"
"P2600205235","2026-07-09T16:56:05.000","260030210","4","3D","I1","THEFTT - TRS THEFT/LARCENY - TELEPHONE REPORTING UNIT","THEFTT - TRS THEFT/LARCENY - TELEPHONE REPORTING UNIT"
"P2600205253","2026-07-09T17:12:49.000","260030213","4","2D","E2","THEFTT - TRS THEFT/LARCENY - TELEPHONE REPORTING UNIT","THEFTT - TRS THEFT/LARCENY - TELEPHONE REPORTING UNIT"
"P2600205340","2026-07-09T19:02:51.000","260030226","4","1D","A2","THEFTT - TRS THEFT/LARCENY - TELEPHONE REPORTING UNIT","THEFTT - TRS THEFT/LARCENY - TELEPHONE REPORTING UNIT"
"P2600205352","2026-07-09T19:17:04.000","260030229","4","4D","L3","THEFTT - TRS THEFT/LARCENY - TELEPHONE REPORTING UNIT","THEFTT - TRS THEFT/LARCENY - TELEPHONE REPORTING UNIT"
"P2600205265","2026-07-09T17:21:06.000","260030238","4","4D","L1","THEFTT - TRS THEFT/LARCENY - TELEPHONE REPORTING UNIT","THEFTT - TRS THEFT/LARCENY - TELEPHONE REPORTING UNIT"
"P2600205785","2026-07-10T06:25:02.000","260030255","4","6D","P2","THEFTT - TRS THEFT/LARCENY - TELEPHONE REPORTING UNIT","THEFTT - TRS THEFT/LARCENY - TELEPHONE REPORTING UNIT"
"P2600205776","2026-07-10T06:05:14.000","260030256","4","6D","P3","THEFTT - TRS THEFT/LARCENY - TELEPHONE REPORTING UNIT","THEFTT - TRS THEFT/LARCENY - TELEPHONE REPORTING UNIT"
"P2600205799","2026-07-10T06:46:01.000","260030258","4","6D","P2","THEFTT - TRS THEFT/LARCENY - TELEPHONE REPORTING UNIT","THEFTT - TRS THEFT/LARCENY - TELEPHONE REPORTING UNIT"
"P2600205824","2026-07-10T07:32:05.000","260030261","4","6D","P2","THEFTT - TRS THEFT/LARCENY - TELEPHONE REPORTING UNIT","THEFTT - TRS THEFT/LARCENY - TELEPHONE REPORTING UNIT"
"P2600205830","2026-07-10T07:39:54.000","260030262","4","3D","G1","THEFTT - TRS THEFT/LARCENY - TELEPHONE REPORTING UNIT","THEFTT - TRS THEFT/LARCENY - TELEPHONE REPORTING UNIT"
"P2600205879","2026-07-10T08:49:17.000","260030266","4","6D","R1","THEFTT - TRS THEFT/LARCENY - TELEPHONE REPORTING UNIT","THEFTT - TRS THEFT/LARCENY - TELEPHONE REPORTING UNIT"
"P2600205885","2026-07-10T08:55:55.000","260030271","4","3D","I2","THEFTT - TRS THEFT/LARCENY - TELEPHONE REPORTING UNIT","THEFTT - TRS THEFT/LARCENY - TELEPHONE REPORTING UNIT"
"P2600205890","2026-07-10T08:59:13.000","260030272","4","6D","P2","THEFTT - TRS THEFT/LARCENY - TELEPHONE REPORTING UNIT","THEFTT - TRS THEFT/LARCENY - TELEPHONE REPORTING UNIT"
"P2600205884","2026-07-10T08:57:27.000","260030273","4","2D","E1","STLVEHT - TRS STOLEN VEHICLE - TELEPHONE REPORTING UNIT","STLVEHT - TRS STOLEN VEHICLE - TELEPHONE REPORTING UNIT"
"P2600205985","2026-07-10T10:30:38.000","260030291","4","3D","I1","STLVEHT - TRS STOLEN VEHICLE - TELEPHONE REPORTING UNIT","STLVEHT - TRS STOLEN VEHICLE - TELEPHONE REPORTING UNIT"
"P2600206003","2026-07-10T10:55:30.000","260030292","4","3D","I2","THEFTT - TRS THEFT/LARCENY - TELEPHONE REPORTING UNIT","THEFTT - TRS THEFT/LARCENY - TELEPHONE REPORTING UNIT"
"P2600205975","2026-07-10T10:23:42.000","260030293","4","3D","I3","FRAUDT-TRS FRAUD / DECEPTION - TELEPHONE REPORTING UNIT","FRAUDT-TRS FRAUD / DECEPTION - TELEPHONE REPORTING UNIT"
"P2600205891","2026-07-10T08:55:55.000","260030295","4","4D","L3","FRAUDT-TRS FRAUD / DECEPTION - TELEPHONE REPORTING UNIT","FRAUDT-TRS FRAUD / DECEPTION - TELEPHONE REPORTING UNIT"
"P2600206035","2026-07-10T11:29:00.000","260030304","4","3D","G1","THEFTT - TRS THEFT/LARCENY - TELEPHONE REPORTING UNIT","THEFTT - TRS THEFT/LARCENY - TELEPHONE REPORTING UNIT"
"P2600206004","2026-07-10T10:54:07.000","260030314","4","1D","B1","THEFTT - TRS THEFT/LARCENY - TELEPHONE REPORTING UNIT","THEFTT - TRS THEFT/LARCENY - TELEPHONE REPORTING UNIT"
"P2600206128","2026-07-10T13:18:50.000","260030327","4","3D","G2","THEFTT - TRS THEFT/LARCENY - TELEPHONE REPORTING UNIT","THEFTT - TRS THEFT/LARCENY - TELEPHONE REPORTING UNIT"
"P2600206018","2026-07-10T11:07:33.000","260030336","4","3D","I1","FRAUDT-TRS FRAUD / DECEPTION - TELEPHONE REPORTING UNIT","FRAUDT-TRS FRAUD / DECEPTION - TELEPHONE REPORTING UNIT"
"P2600206135","2026-07-10T13:25:40.000","260030340","4","3D","G1","FRAUDT-TRS FRAUD / DECEPTION - TELEPHONE REPORTING UNIT","FRAUDT-TRS FRAUD / DECEPTION - TELEPHONE REPORTING UNIT"
"P2600206219","2026-07-10T14:44:57.000","260030346","4","6D","P1","THEFTT - TRS THEFT/LARCENY - TELEPHONE REPORTING UNIT","THEFTT - TRS THEFT/LARCENY - TELEPHONE REPORTING UNIT"
"P2600206224","2026-07-10T14:48:39.000","260030349","4","3D","I1","FRAUDT-TRS FRAUD / DECEPTION - TELEPHONE REPORTING UNIT","FRAUDT-TRS FRAUD / DECEPTION - TELEPHONE REPORTING UNIT"
"P2600206283","2026-07-10T15:46:55.000","260030354","4","1D","B2","STLVEHT - TRS STOLEN VEHICLE - TELEPHONE REPORTING UNIT","STLVEHT - TRS STOLEN VEHICLE - TELEPHONE REPORTING UNIT"
"P2600206227","2026-07-10T14:52:23.000","260030363","4","3D","I1","THEFTT - TRS THEFT/LARCENY - TELEPHONE REPORTING UNIT","THEFTT - TRS THEFT/LARCENY - TELEPHONE REPORTING UNIT"
"P2600206228","2026-07-10T14:52:30.000","260030365","4","3D","G1","THEFTT - TRS THEFT/LARCENY - TELEPHONE REPORTING UNIT","THEFTT - TRS THEFT/LARCENY - TELEPHONE REPORTING UNIT"
"P2600206315","2026-07-10T16:22:12.000","260030371","4","3D","G1","THEFTT - TRS THEFT/LARCENY - TELEPHONE REPORTING UNIT","THEFTT - TRS THEFT/LARCENY - TELEPHONE REPORTING UNIT"
"P2600206425","2026-07-10T18:08:25.000","260030383","4","3D","I2","STLVEHT - TRS STOLEN VEHICLE - TELEPHONE REPORTING UNIT","STLVEHT - TRS STOLEN VEHICLE - TELEPHONE REPORTING UNIT"
"P2600206309","2026-07-10T16:07:56.000","260030393","4","2D","D1","THEFTT - TRS THEFT/LARCENY - TELEPHONE REPORTING UNIT","THEFTT - TRS THEFT/LARCENY - TELEPHONE REPORTING UNIT"
"P2600206388","2026-07-10T17:32:13.000","260030402","4","2D","E2","THEFTT - TRS THEFT/LARCENY - TELEPHONE REPORTING UNIT","THEFTT - TRS THEFT/LARCENY - TELEPHONE REPORTING UNIT"
"P2600206413","2026-07-10T17:56:59.000","260030409","4","6D","P3","THEFTT - TRS THEFT/LARCENY - TELEPHONE REPORTING UNIT","THEFTT - TRS THEFT/LARCENY - TELEPHONE REPORTING UNIT"
"P2600206359","2026-07-10T17:05:56.000","260030410","4","1D","A1","FRAUDT-TRS FRAUD / DECEPTION - TELEPHONE REPORTING UNIT","FRAUDT-TRS FRAUD / DECEPTION - TELEPHONE REPORTING UNIT"
"P2600206442","2026-07-10T18:28:57.000","260030412","4","2D","E1","FRAUDT-TRS FRAUD / DECEPTION - TELEPHONE REPORTING UNIT","FRAUDT-TRS FRAUD / DECEPTION - TELEPHONE REPORTING UNIT"
"P2600206463","2026-07-10T18:47:43.000","260030414","4","6D","R2","THEFTT - TRS THEFT/LARCENY - TELEPHONE REPORTING UNIT","THEFTT - TRS THEFT/LARCENY - TELEPHONE REPORTING UNIT"
"P2600206708","2026-07-11T00:05:08.000","260030427","4","3D","G1","THEFTT - TRS THEFT/LARCENY - TELEPHONE REPORTING UNIT","THEFTT - TRS THEFT/LARCENY - TELEPHONE REPORTING UNIT"
"P2600206931","2026-07-11T07:03:05.000","260030442","4","1D","A2","STLVEHT - TRS STOLEN VEHICLE - TELEPHONE REPORTING UNIT","STLVEHT - TRS STOLEN VEHICLE - TELEPHONE REPORTING UNIT"
"P2600206955","2026-07-11T07:46:51.000","260030443","4","6D","R2","STLVEHT - TRS STOLEN VEHICLE - TELEPHONE REPORTING UNIT","STLVEHT - TRS STOLEN VEHICLE - TELEPHONE REPORTING UNIT"
"P2600206967","2026-07-11T08:15:42.000","260030447","4","4D","K3","THEFTT - TRS THEFT/LARCENY - TELEPHONE REPORTING UNIT","THEFTT - TRS THEFT/LARCENY - TELEPHONE REPORTING UNIT"
"P2600206999","2026-07-11T09:20:31.000","260030454","4","3D","I2","STLVEHT - TRS STOLEN VEHICLE - TELEPHONE REPORTING UNIT","STLVEHT - TRS STOLEN VEHICLE - TELEPHONE REPORTING UNIT"
"P2600207087","2026-07-11T11:22:56.000","260030469","4","3D","G1","VANDALISM, DAMAGE, MISCHIEF-TRS - TELEPHONE REPORTING UNIT","VANDALISM, DAMAGE, MISCHIEF-TRS - TELEPHONE REPORTING UNIT"
"P2600207205","2026-07-11T13:44:03.000","260030488","4","6D","R1","THEFTT - TRS THEFT/LARCENY - TELEPHONE REPORTING UNIT","THEFTT - TRS THEFT/LARCENY - TELEPHONE REPORTING UNIT"
"P2600207221","2026-07-11T13:58:13.000","260030499","4","2D","D2","THEFTT - TRS THEFT/LARCENY - TELEPHONE REPORTING UNIT","THEFTT - TRS THEFT/LARCENY - TELEPHONE REPORTING UNIT"
"P2600207338","2026-07-11T16:10:38.000","260030504","4","1D","A1","THEFTT - TRS THEFT/LARCENY - TELEPHONE REPORTING UNIT","THEFTT - TRS THEFT/LARCENY - TELEPHONE REPORTING UNIT"
"P2600207385","2026-07-11T17:06:00.000","260030506","4","3D","G2","THEFTT - TRS THEFT/LARCENY - TELEPHONE REPORTING UNIT","THEFTT - TRS THEFT/LARCENY - TELEPHONE REPORTING UNIT"
"P2600207299","2026-07-11T15:28:12.000","260030508","4","3D","I2","STLVEHT - TRS STOLEN VEHICLE - TELEPHONE REPORTING UNIT","STLVEHT - TRS STOLEN VEHICLE - TELEPHONE REPORTING UNIT"
"P2600207416","2026-07-11T17:37:15.000","260030511","4","3D","G1","THEFTT - TRS THEFT/LARCENY - TELEPHONE REPORTING UNIT","THEFTT - TRS THEFT/LARCENY - TELEPHONE REPORTING UNIT"
"P2600207277","2026-07-11T15:06:40.000","260030524","4","5D","M3","FRAUDT-TRS FRAUD / DECEPTION - TELEPHONE REPORTING UNIT","FRAUDT-TRS FRAUD / DECEPTION - TELEPHONE REPORTING UNIT"
"P2600207498","2026-07-11T19:21:13.000","260030526","4","3D","G2","THEFTT - TRS THEFT/LARCENY - TELEPHONE REPORTING UNIT","THEFTT - TRS THEFT/LARCENY - TELEPHONE REPORTING UNIT"
"P2600207550","2026-07-11T20:31:05.000","260030527","4","2D","D1","LOSTT-TRS ADMIN (DOCUMENT, LOST OR FOUND PROP, MESSAGES - TELEPHONE REPORTING UNIT","THEFTT - TRS THEFT/LARCENY - TELEPHONE REPORTING UNIT"
"P2600207555","2026-07-11T20:33:28.000","260030530","4","6D","P3","STLVEHT - TRS STOLEN VEHICLE - TELEPHONE REPORTING UNIT","STLVEHT - TRS STOLEN VEHICLE - TELEPHONE REPORTING UNIT"
"P2600207562","2026-07-11T20:46:37.000","260030534","4","1D","B1","FRAUDT-TRS FRAUD / DECEPTION - TELEPHONE REPORTING UNIT","FRAUDT-TRS FRAUD / DECEPTION - TELEPHONE REPORTING UNIT"
"P2600208007","2026-07-12T07:20:54.000","260030559","4","3D","G1","VANDALISM, DAMAGE, MISCHIEF-TRS - TELEPHONE REPORTING UNIT","VANDALISM, DAMAGE, MISCHIEF-TRS - TELEPHONE REPORTING UNIT"
"P2600208032","2026-07-12T08:23:06.000","260030565","4","4D","K1","THEFTT - TRS THEFT/LARCENY - TELEPHONE REPORTING UNIT","THEFTT - TRS THEFT/LARCENY - TELEPHONE REPORTING UNIT"
"P2600208051","2026-07-12T09:07:00.000","260030566","4","4D","K2","THEFTT - TRS THEFT/LARCENY - TELEPHONE REPORTING UNIT","THEFTT - TRS THEFT/LARCENY - TELEPHONE REPORTING UNIT"
"P2600208083","2026-07-12T09:47:51.000","260030568","4","6D","P2","STLVEHT - TRS STOLEN VEHICLE - TELEPHONE REPORTING UNIT","STLVEHT - TRS STOLEN VEHICLE - TELEPHONE REPORTING UNIT"
"P2600208090","2026-07-12T10:00:59.000","260030572","4","5D","M1","STLVEHT - TRS STOLEN VEHICLE - TELEPHONE REPORTING UNIT","STLVEHT - TRS STOLEN VEHICLE - TELEPHONE REPORTING UNIT"
"P2600208039","2026-07-12T08:40:34.000","260030581","4","5D","N2","VANDALISM, DAMAGE, MISCHIEF-TRS - TELEPHONE REPORTING UNIT","VANDALISM, DAMAGE, MISCHIEF-TRS - TELEPHONE REPORTING UNIT"
"P2600208093","2026-07-12T10:14:00.000","260030587","4","3D","G1","THEFTT - TRS THEFT/LARCENY - TELEPHONE REPORTING UNIT","THEFTT - TRS THEFT/LARCENY - TELEPHONE REPORTING UNIT"
"P2600208155","2026-07-12T11:42:21.000","260030589","4","3D","G1","THEFTT - TRS THEFT/LARCENY - TELEPHONE REPORTING UNIT","THEFTT - TRS THEFT/LARCENY - TELEPHONE REPORTING UNIT"
"P2600208178","2026-07-12T12:06:48.000","260030590","4","2D","D1","THEFTT - TRS THEFT/LARCENY - TELEPHONE REPORTING UNIT","THEFTT - TRS THEFT/LARCENY - TELEPHONE REPORTING UNIT"
"P2600208180","2026-07-12T12:06:43.000","260030592","4","2D","D1","THEFTT - TRS THEFT/LARCENY - TELEPHONE REPORTING UNIT","THEFTT - TRS THEFT/LARCENY - TELEPHONE REPORTING UNIT"
"P2600208207","2026-07-12T12:43:03.000","260030595","4","3D","G1","THEFTT - TRS THEFT/LARCENY - TELEPHONE REPORTING UNIT","THEFTT - TRS THEFT/LARCENY - TELEPHONE REPORTING UNIT"
"P2600208248","2026-07-12T13:52:26.000","260030596","4","6D","R2","STLVEHT - TRS STOLEN VEHICLE - TELEPHONE REPORTING UNIT","STLVEHT - TRS STOLEN VEHICLE - TELEPHONE REPORTING UNIT"
"P2600208271","2026-07-12T14:27:24.000","260030599","4","3D","I2","THEFTT - TRS THEFT/LARCENY - TELEPHONE REPORTING UNIT","THEFTT - TRS THEFT/LARCENY - TELEPHONE REPORTING UNIT"
"P2600208320","2026-07-12T15:23:32.000","260030609","4","4D","K1","VANDALISM, DAMAGE, MISCHIEF-TRS - TELEPHONE REPORTING UNIT","VANDALISM, DAMAGE, MISCHIEF-TRS - TELEPHONE REPORTING UNIT"
"P2600208305","2026-07-12T15:08:11.000","260030612","4","6D","P3","THEFTT - TRS THEFT/LARCENY - TELEPHONE REPORTING UNIT","THEFTT - TRS THEFT/LARCENY - TELEPHONE REPORTING UNIT"
"P2600208329","2026-07-12T15:33:59.000","260030614","4","4D","L1","FRAUDT-TRS FRAUD / DECEPTION - TELEPHONE REPORTING UNIT","FRAUDT-TRS FRAUD / DECEPTION - TELEPHONE REPORTING UNIT"
"P2600208363","2026-07-12T16:14:23.000","260030621","4","3D","G1","THEFTT - TRS THEFT/LARCENY - TELEPHONE REPORTING UNIT","THEFTT - TRS THEFT/LARCENY - TELEPHONE REPORTING UNIT"
"P2600208492","2026-07-12T19:09:36.000","260030632","4","3D","G1","THEFTT - TRS THEFT/LARCENY - TELEPHONE REPORTING UNIT","THEFTT - TRS THEFT/LARCENY - TELEPHONE REPORTING UNIT"
"P2600208496","2026-07-12T19:13:12.000","260030634","4","2D","E2","LOSTT-TRS ADMIN (DOCUMENT, LOST OR FOUND PROP, MESSAGES - TELEPHONE REPORTING UNIT","THEFTT - TRS THEFT/LARCENY - TELEPHONE REPORTING UNIT"
"P2600208575","2026-07-12T20:58:03.000","260030646","4","4D","L3","THEFTT - TRS THEFT/LARCENY - TELEPHONE REPORTING UNIT","THEFTT - TRS THEFT/LARCENY - TELEPHONE REPORTING UNIT"
"P2600208822","2026-07-13T06:04:04.000","260030667","4","6D","P3","STLVEHT - TRS STOLEN VEHICLE - TELEPHONE REPORTING UNIT","STLVEHT - TRS STOLEN VEHICLE - TELEPHONE REPORTING UNIT"
"P2600208825","2026-07-13T06:19:30.000","260030671","4","3D","I3","VANDALISM, DAMAGE, MISCHIEF-TRS - TELEPHONE REPORTING UNIT","THEFTT - TRS THEFT/LARCENY - TELEPHONE REPORTING UNIT"
"P2600208876","2026-07-13T07:57:33.000","260030672","4","5D","M3","STLVEHT - TRS STOLEN VEHICLE - TELEPHONE REPORTING UNIT","STLVEHT - TRS STOLEN VEHICLE - TELEPHONE REPORTING UNIT"
"P2600208829","2026-07-13T06:29:59.000","260030673","4","5D","M1","VANDALISM, DAMAGE, MISCHIEF-TRS - TELEPHONE REPORTING UNIT","VANDALISM, DAMAGE, MISCHIEF-TRS - TELEPHONE REPORTING UNIT"
"P2600208861","2026-07-13T07:37:54.000","260030674","4","6D","R2","LOSTT-TRS ADMIN (DOCUMENT, LOST OR FOUND PROP, MESSAGES - TELEPHONE REPORTING UNIT","LOSTT-TRS ADMIN (DOCUMENT, LOST OR FOUND PROP, MESSAGES - TELEPHONE REPORTING UNIT"
"P2600208883","2026-07-13T08:03:38.000","260030675","4","5D","M3","THEFTT - TRS THEFT/LARCENY - TELEPHONE REPORTING UNIT","THEFTT - TRS THEFT/LARCENY - TELEPHONE REPORTING UNIT"
"P2600208853","2026-07-13T07:28:00.000","260030679","4","5D","M3","VANDALISM, DAMAGE, MISCHIEF-TRS - TELEPHONE REPORTING UNIT","STLVEHT - TRS STOLEN VEHICLE - TELEPHONE REPORTING UNIT"
"P2600208917","2026-07-13T08:52:39.000","260030680","4","4D","K2","STLVEHT - TRS STOLEN VEHICLE - TELEPHONE REPORTING UNIT","STLVEHT - TRS STOLEN VEHICLE - TELEPHONE REPORTING UNIT"
"P2600208884","2026-07-13T08:05:23.000","260030684","4","5D","N3","THEFTT - TRS THEFT/LARCENY - TELEPHONE REPORTING UNIT","THEFTT - TRS THEFT/LARCENY - TELEPHONE REPORTING UNIT"
"P2600208889","2026-07-13T08:06:07.000","260030685","4","6D","P1","THEFTT - TRS THEFT/LARCENY - TELEPHONE REPORTING UNIT","THEFTT - TRS THEFT/LARCENY - TELEPHONE REPORTING UNIT"
"P2600208931","2026-07-13T09:06:14.000","260030687","4","5D","M3","STLVEHT - TRS STOLEN VEHICLE - TELEPHONE REPORTING UNIT","STLVEHT - TRS STOLEN VEHICLE - TELEPHONE REPORTING UNIT"
"P2600209034","2026-07-13T10:41:20.000","260030699","4","5D","N3","FRAUDT-TRS FRAUD / DECEPTION - TELEPHONE REPORTING UNIT","FRAUDT-TRS FRAUD / DECEPTION - TELEPHONE REPORTING UNIT"
"P2600209068","2026-07-13T11:27:08.000","260030710","4","5D","M3","THEFTT - TRS THEFT/LARCENY - TELEPHONE REPORTING UNIT","THEFTT - TRS THEFT/LARCENY - TELEPHONE REPORTING UNIT"
"P2600209076","2026-07-13T11:38:41.000","260030712","4","3D","G1","THEFTT - TRS THEFT/LARCENY - TELEPHONE REPORTING UNIT","THEFTT - TRS THEFT/LARCENY - TELEPHONE REPORTING UNIT"
"P2600209086","2026-07-13T11:51:41.000","260030722","4","3D","I3","VANDALISM, DAMAGE, MISCHIEF-TRS - TELEPHONE REPORTING UNIT","VANDALISM, DAMAGE, MISCHIEF-TRS - TELEPHONE REPORTING UNIT"
"P2600209105","2026-07-13T12:14:50.000","260030731","4","1D","A1","LOSTT-TRS ADMIN (DOCUMENT, LOST OR FOUND PROP, MESSAGES - TELEPHONE REPORTING UNIT","LOSTT-TRS ADMIN (DOCUMENT, LOST OR FOUND PROP, MESSAGES - TELEPHONE REPORTING UNIT"
"P2600209146","2026-07-13T12:55:07.000","260030733","4","6D","P3","STLVEHT - TRS STOLEN VEHICLE - TELEPHONE REPORTING UNIT","STLVEHT - TRS STOLEN VEHICLE - TELEPHONE REPORTING UNIT"
"P2600209114","2026-07-13T12:26:00.000","260030744","4","4D","K1","THEFTT - TRS THEFT/LARCENY - TELEPHONE REPORTING UNIT","THEFTT - TRS THEFT/LARCENY - TELEPHONE REPORTING UNIT"
"P2600209098","2026-07-13T11:59:25.000","260030748","4","5D","M3","STLVEHT - TRS STOLEN VEHICLE - TELEPHONE REPORTING UNIT","STLVEHT - TRS STOLEN VEHICLE - TELEPHONE REPORTING UNIT"
"P2600209207","2026-07-13T14:00:09.000","260030750","4","3D","I3","STLVEHT - TRS STOLEN VEHICLE - TELEPHONE REPORTING UNIT","STLVEHT - TRS STOLEN VEHICLE - TELEPHONE REPORTING UNIT"
"P2600209212","2026-07-13T14:13:18.000","260030755","4","4D","L2","THEFTT - TRS THEFT/LARCENY - TELEPHONE REPORTING UNIT","THEFTT - TRS THEFT/LARCENY - TELEPHONE REPORTING UNIT"
"P2600209221","2026-07-13T14:21:25.000","260030774","4","5D","N3","VANDALISM, DAMAGE, MISCHIEF-TRS - TELEPHONE REPORTING UNIT","VANDALISM, DAMAGE, MISCHIEF-TRS - TELEPHONE REPORTING UNIT"
"P2600209262","2026-07-13T15:08:07.000","260030777","4","1D","B2","LOSTT-TRS ADMIN (DOCUMENT, LOST OR FOUND PROP, MESSAGES - TELEPHONE REPORTING UNIT","LOSTT-TRS ADMIN (DOCUMENT, LOST OR FOUND PROP, MESSAGES - TELEPHONE REPORTING UNIT"
"P2600209315","2026-07-13T15:53:40.000","260030779","4","6D","P1","THEFTT - TRS THEFT/LARCENY - TELEPHONE REPORTING UNIT","THEFTT - TRS THEFT/LARCENY - TELEPHONE REPORTING UNIT"
"P2600209286","2026-07-13T15:28:46.000","260030785","4","1D","B1","FRAUDT-TRS FRAUD / DECEPTION - TELEPHONE REPORTING UNIT","FRAUDT-TRS FRAUD / DECEPTION - TELEPHONE REPORTING UNIT"
"P2600209441","2026-07-13T18:00:25.000","260030790","4","3D","I3","THEFTT - TRS THEFT/LARCENY - TELEPHONE REPORTING UNIT","THEFTT - TRS THEFT/LARCENY - TELEPHONE REPORTING UNIT"
"P2600209517","2026-07-13T19:16:15.000","260030802","4","3D","G1","FRAUDT-TRS FRAUD / DECEPTION - TELEPHONE REPORTING UNIT","FRAUDT-TRS FRAUD / DECEPTION - TELEPHONE REPORTING UNIT"
"P2600209523","2026-07-13T19:20:21.000","260030804","4","5D","M2","THEFTT - TRS THEFT/LARCENY - TELEPHONE REPORTING UNIT","THEFTT - TRS THEFT/LARCENY - TELEPHONE REPORTING UNIT"
"P2600209438","2026-07-13T17:54:59.000","260030810","4","6D","P2","LOSTT-TRS ADMIN (DOCUMENT, LOST OR FOUND PROP, MESSAGES - TELEPHONE REPORTING UNIT","LOSTT-TRS ADMIN (DOCUMENT, LOST OR FOUND PROP, MESSAGES - TELEPHONE REPORTING UNIT"
"P2600209536","2026-07-13T19:43:59.000","260030812","4","6D","R3","STLVEHT - TRS STOLEN VEHICLE - TELEPHONE REPORTING UNIT","STLVEHT - TRS STOLEN VEHICLE - TELEPHONE REPORTING UNIT"
"P2600209599","2026-07-13T20:56:41.000","260030823","4","3D","G1","THEFTT - TRS THEFT/LARCENY - TELEPHONE REPORTING UNIT","THEFTT - TRS THEFT/LARCENY - TELEPHONE REPORTING UNIT"
"P2600209648","2026-07-13T22:00:34.000","260030832","4","1D","A2","THEFTT - TRS THEFT/LARCENY - TELEPHONE REPORTING UNIT","THEFTT - TRS THEFT/LARCENY - TELEPHONE REPORTING UNIT"
"P2600209944","2026-07-14T06:49:57.000","260030849","4","3D","I2","STLVEHT - TRS STOLEN VEHICLE - TELEPHONE REPORTING UNIT","STLVEHT - TRS STOLEN VEHICLE - TELEPHONE REPORTING UNIT"
"P2600209958","2026-07-14T07:31:28.000","260030852","4","2D","E1","THEFTT - TRS THEFT/LARCENY - TELEPHONE REPORTING UNIT","THEFTT - TRS THEFT/LARCENY - TELEPHONE REPORTING UNIT"
"P2600209997","2026-07-14T08:37:47.000","260030857","4","2D","D1","THEFTT - TRS THEFT/LARCENY - TELEPHONE REPORTING UNIT","THEFTT - TRS THEFT/LARCENY - TELEPHONE REPORTING UNIT"
"P2600210032","2026-07-14T09:20:07.000","260030864","4","4D","L3","THEFTT - TRS THEFT/LARCENY - TELEPHONE REPORTING UNIT","THEFTT - TRS THEFT/LARCENY - TELEPHONE REPORTING UNIT"
"P2600210058","2026-07-14T09:44:09.000","260030870","4","3D","I2","STLVEHT - TRS STOLEN VEHICLE - TELEPHONE REPORTING UNIT","STLVEHT - TRS STOLEN VEHICLE - TELEPHONE REPORTING UNIT"
"P2600210072","2026-07-14T10:04:06.000","260030871","4","6D","P1","THEFTT - TRS THEFT/LARCENY - TELEPHONE REPORTING UNIT","THEFTT - TRS THEFT/LARCENY - TELEPHONE REPORTING UNIT"
"P2600210089","2026-07-14T10:25:03.000","260030880","4","2D","E1","STLVEHT - TRS STOLEN VEHICLE - TELEPHONE REPORTING UNIT","STLVEHT - TRS STOLEN VEHICLE - TELEPHONE REPORTING UNIT"
"P2600210141","2026-07-14T11:16:26.000","260030883","4","4D","K1","STLVEHT - TRS STOLEN VEHICLE - TELEPHONE REPORTING UNIT","STLVEHT - TRS STOLEN VEHICLE - TELEPHONE REPORTING UNIT"
"P2600210118","2026-07-14T10:58:07.000","260030892","4","4D","K1","THEFTT - TRS THEFT/LARCENY - TELEPHONE REPORTING UNIT","THEFTT - TRS THEFT/LARCENY - TELEPHONE REPORTING UNIT"
"P2600210182","2026-07-14T12:01:28.000","260030906","4","4D","K3","THEFTT - TRS THEFT/LARCENY - TELEPHONE REPORTING UNIT","THEFTT - TRS THEFT/LARCENY - TELEPHONE REPORTING UNIT"
"P2600210192","2026-07-14T12:14:55.000","260030912","4","6D","P1","THEFTT - TRS THEFT/LARCENY - TELEPHONE REPORTING UNIT","THEFTT - TRS THEFT/LARCENY - TELEPHONE REPORTING UNIT"
"P2600210230","2026-07-14T12:48:50.000","260030916","4","3D","I1","THEFTT - TRS THEFT/LARCENY - TELEPHONE REPORTING UNIT","THEFTT - TRS THEFT/LARCENY - TELEPHONE REPORTING UNIT"
"P2600210272","2026-07-14T13:14:52.000","260030918","4","2D","E2","FRAUDT-TRS FRAUD / DECEPTION - TELEPHONE REPORTING UNIT","FRAUDT-TRS FRAUD / DECEPTION - TELEPHONE REPORTING UNIT"
"P2600210273","2026-07-14T13:18:42.000","260030928","4","3D","I2","STLVEHT - TRS STOLEN VEHICLE - TELEPHONE REPORTING UNIT","STLVEHT - TRS STOLEN VEHICLE - TELEPHONE REPORTING UNIT"
"P2600210359","2026-07-14T14:38:57.000","260030938","4","1D","B1","THEFTT - TRS THEFT/LARCENY - TELEPHONE REPORTING UNIT","THEFTT - TRS THEFT/LARCENY - TELEPHONE REPORTING UNIT"
"P2600210334","2026-07-14T14:09:35.000","260030962","4","4D","L3","STLVEHT - TRS STOLEN VEHICLE - TELEPHONE REPORTING UNIT","STLVEHT - TRS STOLEN VEHICLE - TELEPHONE REPORTING UNIT"
"P2600210624","2026-07-14T19:37:30.000","260030987","4","4D","L2","THEFTT - TRS THEFT/LARCENY - TELEPHONE REPORTING UNIT","THEFTT - TRS THEFT/LARCENY - TELEPHONE REPORTING UNIT"
"P2600210677","2026-07-14T20:37:58.000","260030990","4","5D","N1","STLVEHT - TRS STOLEN VEHICLE - TELEPHONE REPORTING UNIT","STLVEHT - TRS STOLEN VEHICLE - TELEPHONE REPORTING UNIT"
"P2600210637","2026-07-14T19:57:04.000","260030999","4","4D","L3","FRAUDT-TRS FRAUD / DECEPTION - TELEPHONE REPORTING UNIT","FRAUDT-TRS FRAUD / DECEPTION - TELEPHONE REPORTING UNIT"
"P2600210806","2026-07-14T23:16:26.000","260031008","4","4D","K2","FRAUDT-TRS FRAUD / DECEPTION - TELEPHONE REPORTING UNIT","FRAUDT-TRS FRAUD / DECEPTION - TELEPHONE REPORTING UNIT"
"P2600210885","2026-07-15T01:46:24.000","260031014","4","3D","G1","VANDALISM, DAMAGE, MISCHIEF-TRS - TELEPHONE REPORTING UNIT","THEFTT - TRS THEFT/LARCENY - TELEPHONE REPORTING UNIT"
"P2600211029","2026-07-15T06:05:53.000","260031018","4","3D","G3","THEFTT - TRS THEFT/LARCENY - TELEPHONE REPORTING UNIT","THEFTT - TRS THEFT/LARCENY - TELEPHONE REPORTING UNIT"
"P2600211081","2026-07-15T07:28:09.000","260031025","4","3D","G3","THEFTT - TRS THEFT/LARCENY - TELEPHONE REPORTING UNIT","THEFTT - TRS THEFT/LARCENY - TELEPHONE REPORTING UNIT"
"P2600211082","2026-07-15T07:26:28.000","260031030","4","3D","G1","THEFTT - TRS THEFT/LARCENY - TELEPHONE REPORTING UNIT","THEFTT - TRS THEFT/LARCENY - TELEPHONE REPORTING UNIT"
"P2600211144","2026-07-15T08:20:21.000","260031032","4","3D","G1","THEFTT - TRS THEFT/LARCENY - TELEPHONE REPORTING UNIT","THEFTT - TRS THEFT/LARCENY - TELEPHONE REPORTING UNIT"
"P2600211123","2026-07-15T08:04:57.000","260031041","4","4D","L1","THEFTT - TRS THEFT/LARCENY - TELEPHONE REPORTING UNIT","THEFTT - TRS THEFT/LARCENY - TELEPHONE REPORTING UNIT"
"P2600211201","2026-07-15T09:27:01.000","260031042","4","3D","G1","THEFTT - TRS THEFT/LARCENY - TELEPHONE REPORTING UNIT","THEFTT - TRS THEFT/LARCENY - TELEPHONE REPORTING UNIT"
"P2600211235","2026-07-15T09:55:09.000","260031046","4","5D","N1","THEFTT - TRS THEFT/LARCENY - TELEPHONE REPORTING UNIT","THEFTT - TRS THEFT/LARCENY - TELEPHONE REPORTING UNIT"
"P2600211210","2026-07-15T09:32:07.000","260031049","4","4D","L1","THEFTT - TRS THEFT/LARCENY - TELEPHONE REPORTING UNIT","THEFTT - TRS THEFT/LARCENY - TELEPHONE REPORTING UNIT"
"P2600211264","2026-07-15T10:23:42.000","260031053","4","3D","G1","THEFTT - TRS THEFT/LARCENY - TELEPHONE REPORTING UNIT","THEFTT - TRS THEFT/LARCENY - TELEPHONE REPORTING UNIT"
"P2600211263","2026-07-15T10:19:51.000","260031060","4","1D","B2","FRAUDT-TRS FRAUD / DECEPTION - TELEPHONE REPORTING UNIT","FRAUDT-TRS FRAUD / DECEPTION - TELEPHONE REPORTING UNIT"
"P2600211273","2026-07-15T10:31:42.000","260031064","4","2D","E2","THEFTT - TRS THEFT/LARCENY - TELEPHONE REPORTING UNIT","THEFTT - TRS THEFT/LARCENY - TELEPHONE REPORTING UNIT"
"P2600211307","2026-07-15T11:08:27.000","260031066","4","4D","L3","THEFTT - TRS THEFT/LARCENY - TELEPHONE REPORTING UNIT","THEFTT - TRS THEFT/LARCENY - TELEPHONE REPORTING UNIT"
"P2600211285","2026-07-15T10:44:38.000","260031075","4","2D","E2","THEFTT - TRS THEFT/LARCENY - TELEPHONE REPORTING UNIT","THEFTT - TRS THEFT/LARCENY - TELEPHONE REPORTING UNIT"
"P2600211363","2026-07-15T12:03:17.000","260031077","4","3D","G3","THEFTT - TRS THEFT/LARCENY - TELEPHONE REPORTING UNIT","THEFTT - TRS THEFT/LARCENY - TELEPHONE REPORTING UNIT"
"P2600211289","2026-07-15T10:47:30.000","260031078","4","2D","E2","THEFTT - TRS THEFT/LARCENY - TELEPHONE REPORTING UNIT","THEFTT - TRS THEFT/LARCENY - TELEPHONE REPORTING UNIT"
"P2600211408","2026-07-15T12:40:33.000","260031085","4","3D","I2","STLVEHT - TRS STOLEN VEHICLE - TELEPHONE REPORTING UNIT","STLVEHT - TRS STOLEN VEHICLE - TELEPHONE REPORTING UNIT"
"P2600211387","2026-07-15T12:25:32.000","260031090","4","4D","K1","LOSTT-TRS ADMIN (DOCUMENT, LOST OR FOUND PROP, MESSAGES - TELEPHONE REPORTING UNIT","LOSTT-TRS ADMIN (DOCUMENT, LOST OR FOUND PROP, MESSAGES - TELEPHONE REPORTING UNIT"
"P2600211342","2026-07-15T11:47:55.000","260031095","4","6D","R2","THEFTT - TRS THEFT/LARCENY - TELEPHONE REPORTING UNIT","THEFTT - TRS THEFT/LARCENY - TELEPHONE REPORTING UNIT"
"P2600211331","2026-07-15T11:31:45.000","260031096","4","3D","G2","THEFTT - TRS THEFT/LARCENY - TELEPHONE REPORTING UNIT","THEFTT - TRS THEFT/LARCENY - TELEPHONE REPORTING UNIT"
"P2600211426","2026-07-15T13:03:16.000","260031099","4","6D","R2","FRAUDT-TRS FRAUD / DECEPTION - TELEPHONE REPORTING UNIT","FRAUDT-TRS FRAUD / DECEPTION - TELEPHONE REPORTING UNIT"
"P2600211427","2026-07-15T13:03:45.000","260031104","4","3D","I3","FRAUDT-TRS FRAUD / DECEPTION - TELEPHONE REPORTING UNIT","FRAUDT-TRS FRAUD / DECEPTION - TELEPHONE REPORTING UNIT"
"P2600211428","2026-07-15T13:04:00.000","260031106","4","2D","E1","THEFTT - TRS THEFT/LARCENY - TELEPHONE REPORTING UNIT","THEFTT - TRS THEFT/LARCENY - TELEPHONE REPORTING UNIT"
"P2600211550","2026-07-15T14:49:24.000","260031111","4","4D","L2","THEFTT - TRS THEFT/LARCENY - TELEPHONE REPORTING UNIT","THEFTT - TRS THEFT/LARCENY - TELEPHONE REPORTING UNIT"
"P2600211507","2026-07-15T14:15:19.000","260031117","4","2D","E2","THEFTT - TRS THEFT/LARCENY - TELEPHONE REPORTING UNIT","THEFTT - TRS THEFT/LARCENY - TELEPHONE REPORTING UNIT"
"P2600211566","2026-07-15T15:09:01.000","260031120","4","6D","R2","LOSTT-TRS ADMIN (DOCUMENT, LOST OR FOUND PROP, MESSAGES - TELEPHONE REPORTING UNIT","LOSTT-TRS ADMIN (DOCUMENT, LOST OR FOUND PROP, MESSAGES - TELEPHONE REPORTING UNIT"
"P2600211572","2026-07-15T15:12:02.000","260031121","4","2D","E2","THEFTT - TRS THEFT/LARCENY - TELEPHONE REPORTING UNIT","THEFTT - TRS THEFT/LARCENY - TELEPHONE REPORTING UNIT"
"P2600211625","2026-07-15T15:54:45.000","260031127","4","2D","D1","THEFTT - TRS THEFT/LARCENY - TELEPHONE REPORTING UNIT","THEFTT - TRS THEFT/LARCENY - TELEPHONE REPORTING UNIT"
"P2600211721","2026-07-15T17:30:46.000","260031135","4","1D","A1","STLVEHT - TRS STOLEN VEHICLE - TELEPHONE REPORTING UNIT","STLVEHT - TRS STOLEN VEHICLE - TELEPHONE REPORTING UNIT"
"P2600211766","2026-07-15T18:14:07.000","260031139","4","2D","E2","THEFTT - TRS THEFT/LARCENY - TELEPHONE REPORTING UNIT","THEFTT - TRS THEFT/LARCENY - TELEPHONE REPORTING UNIT"
"P2600211752","2026-07-15T18:01:42.000","260031142","4","3D","G1","THEFTT - TRS THEFT/LARCENY - TELEPHONE REPORTING UNIT","THEFTT - TRS THEFT/LARCENY - TELEPHONE REPORTING UNIT"
"P2600211722","2026-07-15T17:32:24.000","260031146","4","2D","D1","THEFTT - TRS THEFT/LARCENY - TELEPHONE REPORTING UNIT","THEFTT - TRS THEFT/LARCENY - TELEPHONE REPORTING UNIT"
"P2600211784","2026-07-15T18:31:05.000","260031152","4","3D","I3","FRAUDT-TRS FRAUD / DECEPTION - TELEPHONE REPORTING UNIT","FRAUDT-TRS FRAUD / DECEPTION - TELEPHONE REPORTING UNIT"
"P2600211813","2026-07-15T19:05:40.000","260031162","4","1D","B1","THEFTT - TRS THEFT/LARCENY - TELEPHONE REPORTING UNIT","THEFTT - TRS THEFT/LARCENY - TELEPHONE REPORTING UNIT"
"P2600212224","2026-07-16T05:49:58.000","260031205","4","2D","E1","THEFTT - TRS THEFT/LARCENY - TELEPHONE REPORTING UNIT","THEFTT - TRS THEFT/LARCENY - TELEPHONE REPORTING UNIT"
"P2600212275","2026-07-16T07:15:59.000","260031208","4","5D","M1","THEFTT - TRS THEFT/LARCENY - TELEPHONE REPORTING UNIT","THEFTT - TRS THEFT/LARCENY - TELEPHONE REPORTING UNIT"
"P2600212265","2026-07-16T07:01:54.000","260031209","4","4D","K2","THEFTT - TRS THEFT/LARCENY - TELEPHONE REPORTING UNIT","THEFTT - TRS THEFT/LARCENY - TELEPHONE REPORTING UNIT"
"P2600212316","2026-07-16T08:14:02.000","260031211","4","4D","K2","THEFTT - TRS THEFT/LARCENY - TELEPHONE REPORTING UNIT","THEFTT - TRS THEFT/LARCENY - TELEPHONE REPORTING UNIT"
"P2600212346","2026-07-16T08:41:55.000","260031213","4","3D","I2","STLVEHT - TRS STOLEN VEHICLE - TELEPHONE REPORTING UNIT","STLVEHT - TRS STOLEN VEHICLE - TELEPHONE REPORTING UNIT"
"P2600212359","2026-07-16T08:56:23.000","260031219","4","5D","M3","STLVEHT - TRS STOLEN VEHICLE - TELEPHONE REPORTING UNIT","STLVEHT - TRS STOLEN VEHICLE - TELEPHONE REPORTING UNIT"
"P2600212365","2026-07-16T09:00:11.000","260031226","4","2D","E1","STLVEHT - TRS STOLEN VEHICLE - TELEPHONE REPORTING UNIT","STLVEHT - TRS STOLEN VEHICLE - TELEPHONE REPORTING UNIT"
"P2600212319","2026-07-16T08:17:25.000","260031229","4","1D","A2","THEFTT - TRS THEFT/LARCENY - TELEPHONE REPORTING UNIT","THEFTT - TRS THEFT/LARCENY - TELEPHONE REPORTING UNIT"
"P2600212344","2026-07-16T08:42:12.000","260031236","4","5D","M1","THEFTT - TRS THEFT/LARCENY - TELEPHONE REPORTING UNIT","THEFTT - TRS THEFT/LARCENY - TELEPHONE REPORTING UNIT"
"P2600212405","2026-07-16T10:00:48.000","260031241","4","5D","M3","THEFTT - TRS THEFT/LARCENY - TELEPHONE REPORTING UNIT","THEFTT - TRS THEFT/LARCENY - TELEPHONE REPORTING UNIT"
"P2600212435","2026-07-16T10:39:27.000","260031247","4","1D","A1","STLVEHT - TRS STOLEN VEHICLE - TELEPHONE REPORTING UNIT","STLVEHT - TRS STOLEN VEHICLE - TELEPHONE REPORTING UNIT"
"P2600212480","2026-07-16T11:39:42.000","260031262","4","5D","M1","THEFTT - TRS THEFT/LARCENY - TELEPHONE REPORTING UNIT","THEFTT - TRS THEFT/LARCENY - TELEPHONE REPORTING UNIT"
"P2600212416","2026-07-16T10:16:06.000","260031265","4","1D","B1","THEFTT - TRS THEFT/LARCENY - TELEPHONE REPORTING UNIT","THEFTT - TRS THEFT/LARCENY - TELEPHONE REPORTING UNIT"
"P2600212478","2026-07-16T11:35:06.000","260031275","4","1D","A1","LOSTT-TRS ADMIN (DOCUMENT, LOST OR FOUND PROP, MESSAGES - TELEPHONE REPORTING UNIT","LOSTT-TRS ADMIN (DOCUMENT, LOST OR FOUND PROP, MESSAGES - TELEPHONE REPORTING UNIT"
"P2600212487","2026-07-16T11:46:34.000","260031276","4","2D","E1","VANDALISM, DAMAGE, MISCHIEF-TRS - TELEPHONE REPORTING UNIT","VANDALISM, DAMAGE, MISCHIEF-TRS - TELEPHONE REPORTING UNIT"
"P2600212592","2026-07-16T13:35:42.000","260031279","4","2D","E2","THEFTT - TRS THEFT/LARCENY - TELEPHONE REPORTING UNIT","THEFTT - TRS THEFT/LARCENY - TELEPHONE REPORTING UNIT"
"P2600212539","2026-07-16T12:34:18.000","260031281","4","4D","L3","THEFTT - TRS THEFT/LARCENY - TELEPHONE REPORTING UNIT","THEFTT - TRS THEFT/LARCENY - TELEPHONE REPORTING UNIT"
"P2600212604","2026-07-16T13:47:57.000","260031284","4","2D","D1","VANDALISM, DAMAGE, MISCHIEF-TRS - TELEPHONE REPORTING UNIT","VANDALISM, DAMAGE, MISCHIEF-TRS - TELEPHONE REPORTING UNIT"
"P2600212406","2026-07-16T10:00:52.000","260031288","4","3D","I2","VANDALISM, DAMAGE, MISCHIEF-TRS - TELEPHONE REPORTING UNIT","VANDALISM, DAMAGE, MISCHIEF-TRS - TELEPHONE REPORTING UNIT"
"P2600212630","2026-07-16T14:11:49.000","260031291","4","2D","E2","THEFTT - TRS THEFT/LARCENY - TELEPHONE REPORTING UNIT","THEFTT - TRS THEFT/LARCENY - TELEPHONE REPORTING UNIT"
"P2600212767","2026-07-16T16:23:18.000","260031297","4","1D","A2","STLVEHT - TRS STOLEN VEHICLE - TELEPHONE REPORTING UNIT","STLVEHT - TRS STOLEN VEHICLE - TELEPHONE REPORTING UNIT"
"P2600212663","2026-07-16T14:41:48.000","260031300","4","2D","E2","THEFTT - TRS THEFT/LARCENY - TELEPHONE REPORTING UNIT","THEFTT - TRS THEFT/LARCENY - TELEPHONE REPORTING UNIT"
"P2600212756","2026-07-16T16:15:47.000","260031302","4","4D","K1","LOSTT-TRS ADMIN (DOCUMENT, LOST OR FOUND PROP, MESSAGES - TELEPHONE REPORTING UNIT","LOSTT-TRS ADMIN (DOCUMENT, LOST OR FOUND PROP, MESSAGES - TELEPHONE REPORTING UNIT"
"P2600212689","2026-07-16T15:10:23.000","260031303","4","2D","D1","THEFTT - TRS THEFT/LARCENY - TELEPHONE REPORTING UNIT","THEFTT - TRS THEFT/LARCENY - TELEPHONE REPORTING UNIT"
"P2600212723","2026-07-16T15:50:54.000","260031310","4","6D","R2","FRAUDT-TRS FRAUD / DECEPTION - TELEPHONE REPORTING UNIT","FRAUDT-TRS FRAUD / DECEPTION - TELEPHONE REPORTING UNIT"
"P2600212806","2026-07-16T17:10:12.000","260031312","4","1D","B1","FRAUDT-TRS FRAUD / DECEPTION - TELEPHONE REPORTING UNIT","FRAUDT-TRS FRAUD / DECEPTION - TELEPHONE REPORTING UNIT"
"P2600212849","2026-07-16T18:02:52.000","260031315","4","6D","P3","VANDALISM, DAMAGE, MISCHIEF-TRS - TELEPHONE REPORTING UNIT","VANDALISM, DAMAGE, MISCHIEF-TRS - TELEPHONE REPORTING UNIT"
"P2600212873","2026-07-16T18:41:39.000","260031317","4","3D","I2","STLVEHT - TRS STOLEN VEHICLE - TELEPHONE REPORTING UNIT","STLVEHT - TRS STOLEN VEHICLE - TELEPHONE REPORTING UNIT"
"P2600212927","2026-07-16T19:40:14.000","260031327","4","1D","B1","VANDALISM, DAMAGE, MISCHIEF-TRS - TELEPHONE REPORTING UNIT","VANDALISM, DAMAGE, MISCHIEF-TRS - TELEPHONE REPORTING UNIT"
"P2600212970","2026-07-16T20:38:19.000","260031336","4","5D","M1","THEFTT - TRS THEFT/LARCENY - TELEPHONE REPORTING UNIT","THEFTT - TRS THEFT/LARCENY - TELEPHONE REPORTING UNIT"
"P2600213008","2026-07-16T21:30:41.000","260031343","4","2D","E2","THEFTT - TRS THEFT/LARCENY - TELEPHONE REPORTING UNIT","THEFTT - TRS THEFT/LARCENY - TELEPHONE REPORTING UNIT"
"P2600213106","2026-07-16T22:55:31.000","260031351","4","6D","P2","LOSTT-TRS ADMIN (DOCUMENT, LOST OR FOUND PROP, MESSAGES - TELEPHONE REPORTING UNIT","LOSTT-TRS ADMIN (DOCUMENT, LOST OR FOUND PROP, MESSAGES - TELEPHONE REPORTING UNIT"
"P2600213099","2026-07-16T22:48:38.000","260031352","4","5D","M1","THEFTT - TRS THEFT/LARCENY - TELEPHONE REPORTING UNIT","THEFTT - TRS THEFT/LARCENY - TELEPHONE REPORTING UNIT"
"P2600213249","2026-07-17T02:22:03.000","260031363","4","1D","A1","THEFTT - TRS THEFT/LARCENY - TELEPHONE REPORTING UNIT","THEFTT - TRS THEFT/LARCENY - TELEPHONE REPORTING UNIT"
"P2600213278","2026-07-17T03:27:48.000","260031365","4","3D","I2","STLVEHT - TRS STOLEN VEHICLE - TELEPHONE REPORTING UNIT","STLVEHT - TRS STOLEN VEHICLE - TELEPHONE REPORTING UNIT"
"P2600213324","2026-07-17T04:55:03.000","260031369","4","1D","A2","THEFTT - TRS THEFT/LARCENY - TELEPHONE REPORTING UNIT","THEFTT - TRS THEFT/LARCENY - TELEPHONE REPORTING UNIT"
"P2600213400","2026-07-17T07:02:47.000","260031375","4","1D","A2","THEFTT - TRS THEFT/LARCENY - TELEPHONE REPORTING UNIT","THEFTT - TRS THEFT/LARCENY - TELEPHONE REPORTING UNIT"
"P2600213445","2026-07-17T08:08:41.000","260031383","4","3D","I2","THEFTT - TRS THEFT/LARCENY - TELEPHONE REPORTING UNIT","THEFTT - TRS THEFT/LARCENY - TELEPHONE REPORTING UNIT"
"P2600213427","2026-07-17T07:37:20.000","260031384","4","3D","I3","LOSTT-TRS ADMIN (DOCUMENT, LOST OR FOUND PROP, MESSAGES - TELEPHONE REPORTING UNIT","LOSTT-TRS ADMIN (DOCUMENT, LOST OR FOUND PROP, MESSAGES - TELEPHONE REPORTING UNIT"
"P2600213461","2026-07-17T08:25:27.000","260031389","4","2D","E2","THEFTT - TRS THEFT/LARCENY - TELEPHONE REPORTING UNIT","THEFTT - TRS THEFT/LARCENY - TELEPHONE REPORTING UNIT"
"P2600213480","2026-07-17T08:45:33.000","260031393","4","2D","D1","THEFTT - TRS THEFT/LARCENY - TELEPHONE REPORTING UNIT","THEFTT - TRS THEFT/LARCENY - TELEPHONE REPORTING UNIT"
"P2600213490","2026-07-17T08:55:16.000","260031399","4","3D","I2","THEFTT - TRS THEFT/LARCENY - TELEPHONE REPORTING UNIT","THEFTT - TRS THEFT/LARCENY - TELEPHONE REPORTING UNIT"
"P2600213497","2026-07-17T09:00:23.000","260031401","4","2D","D1","THEFTT - TRS THEFT/LARCENY - TELEPHONE REPORTING UNIT","THEFTT - TRS THEFT/LARCENY - TELEPHONE REPORTING UNIT"
"P2600213503","2026-07-17T09:05:45.000","260031409","4","3D","I1","THEFTT - TRS THEFT/LARCENY - TELEPHONE REPORTING UNIT","THEFTT - TRS THEFT/LARCENY - TELEPHONE REPORTING UNIT"
"P2600213569","2026-07-17T10:14:11.000","260031425","4","3D","I2","THEFTT - TRS THEFT/LARCENY - TELEPHONE REPORTING UNIT","THEFTT - TRS THEFT/LARCENY - TELEPHONE REPORTING UNIT"
"P2600213512","2026-07-17T09:11:30.000","260031432","4","3D","I3","THEFTT - TRS THEFT/LARCENY - TELEPHONE REPORTING UNIT","THEFTT - TRS THEFT/LARCENY - TELEPHONE REPORTING UNIT"
"P2600213663","2026-07-17T12:15:03.000","260031433","4","4D","K1","THEFTT - TRS THEFT/LARCENY - TELEPHONE REPORTING UNIT","THEFTT - TRS THEFT/LARCENY - TELEPHONE REPORTING UNIT"
"P2600213670","2026-07-17T12:24:37.000","260031448","4","1D","A1","LOSTT-TRS ADMIN (DOCUMENT, LOST OR FOUND PROP, MESSAGES - TELEPHONE REPORTING UNIT","LOSTT-TRS ADMIN (DOCUMENT, LOST OR FOUND PROP, MESSAGES - TELEPHONE REPORTING UNIT"
"P2600213609","2026-07-17T11:06:37.000","260031452","4","2D","E1","THEFTT - TRS THEFT/LARCENY - TELEPHONE REPORTING UNIT","THEFTT - TRS THEFT/LARCENY - TELEPHONE REPORTING UNIT"
"P2600213636","2026-07-17T11:38:35.000","260031453","4","4D","K1","FRAUDT-TRS FRAUD / DECEPTION - TELEPHONE REPORTING UNIT","FRAUDT-TRS FRAUD / DECEPTION - TELEPHONE REPORTING UNIT"
"P2600213627","2026-07-17T11:25:47.000","260031456","4","2D","E1","THEFTT - TRS THEFT/LARCENY - TELEPHONE REPORTING UNIT","THEFTT - TRS THEFT/LARCENY - TELEPHONE REPORTING UNIT"
"P2600213691","2026-07-17T12:47:38.000","260031457","4","1D","A1","VANDALISM, DAMAGE, MISCHIEF-TRS - TELEPHONE REPORTING UNIT","VANDALISM, DAMAGE, MISCHIEF-TRS - TELEPHONE REPORTING UNIT"
"P2600213417","2026-07-17T07:25:37.000","260031461","4","3D","I3","THEFTT - TRS THEFT/LARCENY - TELEPHONE REPORTING UNIT","THEFTT - TRS THEFT/LARCENY - TELEPHONE REPORTING UNIT"
"P2600213765","2026-07-17T14:31:43.000","260031468","4","3D","G3","FRAUDT-TRS FRAUD / DECEPTION - TELEPHONE REPORTING UNIT","FRAUDT-TRS FRAUD / DECEPTION - TELEPHONE REPORTING UNIT"
"P2600213791","2026-07-17T15:12:05.000","260031472","4","3D","G1","VANDALISM, DAMAGE, MISCHIEF-TRS - TELEPHONE REPORTING UNIT","VANDALISM, DAMAGE, MISCHIEF-TRS - TELEPHONE REPORTING UNIT"
"P2600213657","2026-07-17T12:05:12.000","260031475","4","1D","B3","FRAUDT-TRS FRAUD / DECEPTION - TELEPHONE REPORTING UNIT","FRAUDT-TRS FRAUD / DECEPTION - TELEPHONE REPORTING UNIT"
"P2600213822","2026-07-17T15:45:39.000","260031480","4","6D","R3","FRAUDT-TRS FRAUD / DECEPTION - TELEPHONE REPORTING UNIT","FRAUDT-TRS FRAUD / DECEPTION - TELEPHONE REPORTING UNIT"
"P2600213839","2026-07-17T16:03:06.000","260031481","4","6D","P2","LOSTT-TRS ADMIN (DOCUMENT, LOST OR FOUND PROP, MESSAGES - TELEPHONE REPORTING UNIT","LOSTT-TRS ADMIN (DOCUMENT, LOST OR FOUND PROP, MESSAGES - TELEPHONE REPORTING UNIT"
"P2600213842","2026-07-17T16:02:04.000","260031487","4","2D","D2","VANDALISM, DAMAGE, MISCHIEF-TRS - TELEPHONE REPORTING UNIT","VANDALISM, DAMAGE, MISCHIEF-TRS - TELEPHONE REPORTING UNIT"
"P2600213900","2026-07-17T16:56:03.000","260031489","4","2D","D2","LOSTT-TRS ADMIN (DOCUMENT, LOST OR FOUND PROP, MESSAGES - TELEPHONE REPORTING UNIT","LOSTT-TRS ADMIN (DOCUMENT, LOST OR FOUND PROP, MESSAGES - TELEPHONE REPORTING UNIT"
"P2600213906","2026-07-17T17:04:20.000","260031491","4","6D","R2","VANDALISM, DAMAGE, MISCHIEF-TRS - TELEPHONE REPORTING UNIT","VANDALISM, DAMAGE, MISCHIEF-TRS - TELEPHONE REPORTING UNIT"
"P2600213972","2026-07-17T18:26:23.000","260031498","4","2D","D1","FRAUDT-TRS FRAUD / DECEPTION - TELEPHONE REPORTING UNIT","FRAUDT-TRS FRAUD / DECEPTION - TELEPHONE REPORTING UNIT"
"P2600213943","2026-07-17T17:44:07.000","260031502","4","1D","B2","FRAUDT-TRS FRAUD / DECEPTION - TELEPHONE REPORTING UNIT","FRAUDT-TRS FRAUD / DECEPTION - TELEPHONE REPORTING UNIT"
"P2600214078","2026-07-17T20:31:38.000","260031519","4","6D","P2","THEFTT - TRS THEFT/LARCENY - TELEPHONE REPORTING UNIT","THEFTT - TRS THEFT/LARCENY - TELEPHONE REPORTING UNIT"
"P2600213819","2026-07-17T15:44:42.000","260031522","4","2D","E1","LOSTT-TRS ADMIN (DOCUMENT, LOST OR FOUND PROP, MESSAGES - TELEPHONE REPORTING UNIT","LOSTT-TRS ADMIN (DOCUMENT, LOST OR FOUND PROP, MESSAGES - TELEPHONE REPORTING UNIT"
"P2600214098","2026-07-17T20:49:23.000","260031523","4","5D","N1","THEFTT - TRS THEFT/LARCENY - TELEPHONE REPORTING UNIT","THEFTT - TRS THEFT/LARCENY - TELEPHONE REPORTING UNIT"
"P2600214101","2026-07-17T20:45:59.000","260031524","4","6D","R2","THEFTT - TRS THEFT/LARCENY - TELEPHONE REPORTING UNIT","THEFTT - TRS THEFT/LARCENY - TELEPHONE REPORTING UNIT"
"P2600214136","2026-07-17T21:30:44.000","260031528","4","3D","G1","THEFTT - TRS THEFT/LARCENY - TELEPHONE REPORTING UNIT","THEFTT - TRS THEFT/LARCENY - TELEPHONE REPORTING UNIT"
"P2600214144","2026-07-17T21:40:28.000","260031529","4","6D","P1","THEFTT - TRS THEFT/LARCENY - TELEPHONE REPORTING UNIT","THEFTT - TRS THEFT/LARCENY - TELEPHONE REPORTING UNIT"
"P2600214117","2026-07-17T21:05:49.000","260031532","4","6D","R1","THEFTT - TRS THEFT/LARCENY - TELEPHONE REPORTING UNIT","THEFTT - TRS THEFT/LARCENY - TELEPHONE REPORTING UNIT"
"P2600214521","2026-07-18T08:04:43.000","260031564","4","4D","L1","VANDALISM, DAMAGE, MISCHIEF-TRS - TELEPHONE REPORTING UNIT","THEFTT - TRS THEFT/LARCENY - TELEPHONE REPORTING UNIT"
"P2600214541","2026-07-18T08:42:07.000","260031566","4","4D","K1","STLVEHT - TRS STOLEN VEHICLE - TELEPHONE REPORTING UNIT","STLVEHT - TRS STOLEN VEHICLE - TELEPHONE REPORTING UNIT"
"P2600214596","2026-07-18T09:56:24.000","260031573","4","2D","D1","STLVEHT - TRS STOLEN VEHICLE - TELEPHONE REPORTING UNIT","STLVEHT - TRS STOLEN VEHICLE - TELEPHONE REPORTING UNIT"
"P2600214536","2026-07-18T08:36:20.000","260031581","4","6D","P1","VANDALISM, DAMAGE, MISCHIEF-TRS - TELEPHONE REPORTING UNIT","VANDALISM, DAMAGE, MISCHIEF-TRS - TELEPHONE REPORTING UNIT"
"P2600214636","2026-07-18T10:41:39.000","260031587","4","5D","M3","STLVEHT - TRS STOLEN VEHICLE - TELEPHONE REPORTING UNIT","STLVEHT - TRS STOLEN VEHICLE - TELEPHONE REPORTING UNIT"
"P2600214613","2026-07-18T10:24:18.000","260031590","4","2D","E2","LOSTT-TRS ADMIN (DOCUMENT, LOST OR FOUND PROP, MESSAGES - TELEPHONE REPORTING UNIT","LOSTT-TRS ADMIN (DOCUMENT, LOST OR FOUND PROP, MESSAGES - TELEPHONE REPORTING UNIT"
"P2600214654","2026-07-18T11:07:35.000","260031603","4","1D","B1","THEFTT - TRS THEFT/LARCENY - TELEPHONE REPORTING UNIT","THEFTT - TRS THEFT/LARCENY - TELEPHONE REPORTING UNIT"
"P2600214684","2026-07-18T11:35:11.000","260031608","4","5D","N2","THEFTT - TRS THEFT/LARCENY - TELEPHONE REPORTING UNIT","THEFTT - TRS THEFT/LARCENY - TELEPHONE REPORTING UNIT"
"P2600214709","2026-07-18T12:27:25.000","260031609","4","5D","M1","THEFTT - TRS THEFT/LARCENY - TELEPHONE REPORTING UNIT","THEFTT - TRS THEFT/LARCENY - TELEPHONE REPORTING UNIT"
"P2600214794","2026-07-18T14:13:32.000","260031611","4","1D","B2","THEFTT - TRS THEFT/LARCENY - TELEPHONE REPORTING UNIT","THEFTT - TRS THEFT/LARCENY - TELEPHONE REPORTING UNIT"
"P2600214811","2026-07-18T14:41:49.000","260031615","4","6D","P1","THEFTT - TRS THEFT/LARCENY - TELEPHONE REPORTING UNIT","THEFTT - TRS THEFT/LARCENY - TELEPHONE REPORTING UNIT"
"P2600214853","2026-07-18T15:35:32.000","260031621","4","4D","K3","THEFTT - TRS THEFT/LARCENY - TELEPHONE REPORTING UNIT","THEFTT - TRS THEFT/LARCENY - TELEPHONE REPORTING UNIT"
"P2600214826","2026-07-18T14:59:48.000","260031623","4","4D","K3","THEFTT - TRS THEFT/LARCENY - TELEPHONE REPORTING UNIT","THEFTT - TRS THEFT/LARCENY - TELEPHONE REPORTING UNIT"
"P2600214936","2026-07-18T17:12:41.000","260031627","4","6D","R3","FRAUDT-TRS FRAUD / DECEPTION - TELEPHONE REPORTING UNIT","FRAUDT-TRS FRAUD / DECEPTION - TELEPHONE REPORTING UNIT"
"P2600214619","2026-07-18T10:32:05.000","260031628","4","4D","K1","VANDALISM, DAMAGE, MISCHIEF-TRS - TELEPHONE REPORTING UNIT","STLVEHT - TRS STOLEN VEHICLE - TELEPHONE REPORTING UNIT"
"P2600215051","2026-07-18T19:39:25.000","260031637","4","2D","E2","THEFTT - TRS THEFT/LARCENY - TELEPHONE REPORTING UNIT","THEFTT - TRS THEFT/LARCENY - TELEPHONE REPORTING UNIT"
"P2600215080","2026-07-18T20:18:51.000","260031639","4","5D","N2","LOSTT-TRS ADMIN (DOCUMENT, LOST OR FOUND PROP, MESSAGES - TELEPHONE REPORTING UNIT","THEFTT - TRS THEFT/LARCENY - TELEPHONE REPORTING UNIT"
"P2600212210","2026-07-16T05:25:03.000","260031642","4","6D","P1","THEFTT - TRS THEFT/LARCENY - TELEPHONE REPORTING UNIT","STLVEHT - TRS STOLEN VEHICLE - TELEPHONE REPORTING UNIT"
"P2600215191","2026-07-18T22:00:22.000","260031648","4","4D","K1","THEFTT - TRS THEFT/LARCENY - TELEPHONE REPORTING UNIT","THEFTT - TRS THEFT/LARCENY - TELEPHONE REPORTING UNIT"
"P2600215600","2026-07-19T09:30:57.000","260031687","4","5D","M1","THEFTT - TRS THEFT/LARCENY - TELEPHONE REPORTING UNIT","THEFTT - TRS THEFT/LARCENY - TELEPHONE REPORTING UNIT"
"P2600215634","2026-07-19T10:19:12.000","260031692","4","5D","N2","THEFTT - TRS THEFT/LARCENY - TELEPHONE REPORTING UNIT","THEFTT - TRS THEFT/LARCENY - TELEPHONE REPORTING UNIT"
"P2600215698","2026-07-19T11:50:18.000","260031703","4","2D","D2","THEFTT - TRS THEFT/LARCENY - TELEPHONE REPORTING UNIT","THEFTT - TRS THEFT/LARCENY - TELEPHONE REPORTING UNIT"
"P2600215776","2026-07-19T13:52:35.000","260031709","4","5D","M3","THEFTT - TRS THEFT/LARCENY - TELEPHONE REPORTING UNIT","THEFTT - TRS THEFT/LARCENY - TELEPHONE REPORTING UNIT"
"P2600215865","2026-07-19T16:00:51.000","260031733","4","2D","D2","THEFTT - TRS THEFT/LARCENY - TELEPHONE REPORTING UNIT","THEFTT - TRS THEFT/LARCENY - TELEPHONE REPORTING UNIT"
"P2600216187","2026-07-19T22:41:56.000","260031769","4","4D","K1","STLVEHT - TRS STOLEN VEHICLE - TELEPHONE REPORTING UNIT","STLVEHT - TRS STOLEN VEHICLE - TELEPHONE REPORTING UNIT"
"P2600216388","2026-07-20T05:55:41.000","260031789","4","3D","G3","VANDALISM, DAMAGE, MISCHIEF-TRS - TELEPHONE REPORTING UNIT","THEFTT - TRS THEFT/LARCENY - TELEPHONE REPORTING UNIT"
"P2600216411","2026-07-20T06:30:36.000","260031793","4","5D","N3","STLVEHT - TRS STOLEN VEHICLE - TELEPHONE REPORTING UNIT","STLVEHT - TRS STOLEN VEHICLE - TELEPHONE REPORTING UNIT"
"P2600216403","2026-07-20T06:23:06.000","260031795","4","4D","L1","THEFTT - TRS THEFT/LARCENY - TELEPHONE REPORTING UNIT","THEFTT - TRS THEFT/LARCENY - TELEPHONE REPORTING UNIT"
"P2600216407","2026-07-20T06:26:28.000","260031797","4","2D","D1","LOSTT-TRS ADMIN (DOCUMENT, LOST OR FOUND PROP, MESSAGES - TELEPHONE REPORTING UNIT","LOSTT-TRS ADMIN (DOCUMENT, LOST OR FOUND PROP, MESSAGES - TELEPHONE REPORTING UNIT"
"P2600216479","2026-07-20T08:21:50.000","260031806","4","6D","R2","STLVEHT - TRS STOLEN VEHICLE - TELEPHONE REPORTING UNIT","STLVEHT - TRS STOLEN VEHICLE - TELEPHONE REPORTING UNIT"
"P2600216504","2026-07-20T08:49:35.000","260031808","4","5D","N1","STLVEHT - TRS STOLEN VEHICLE - TELEPHONE REPORTING UNIT","STLVEHT - TRS STOLEN VEHICLE - TELEPHONE REPORTING UNIT"
"P2600216566","2026-07-20T09:55:32.000","260031817","4","6D","P2","STLVEHT - TRS STOLEN VEHICLE - TELEPHONE REPORTING UNIT","STLVEHT - TRS STOLEN VEHICLE - TELEPHONE REPORTING UNIT"
"P2600216503","2026-07-20T08:52:09.000","260031825","4","4D","K1","STLVEHT - TRS STOLEN VEHICLE - TELEPHONE REPORTING UNIT","STLVEHT - TRS STOLEN VEHICLE - TELEPHONE REPORTING UNIT"
"P2600216570","2026-07-20T10:02:44.000","260031829","4","3D","I2","STLVEHT - TRS STOLEN VEHICLE - TELEPHONE REPORTING UNIT","STLVEHT - TRS STOLEN VEHICLE - TELEPHONE REPORTING UNIT"
"P2600216420","2026-07-20T06:46:01.000","260031831","4","3D","I3","THEFTT - TRS THEFT/LARCENY - TELEPHONE REPORTING UNIT","THEFTT - TRS THEFT/LARCENY - TELEPHONE REPORTING UNIT"
"P2600216422","2026-07-20T06:52:38.000","260031833","4","4D","K1","THEFTT - TRS THEFT/LARCENY - TELEPHONE REPORTING UNIT","STLVEHT - TRS STOLEN VEHICLE - TELEPHONE REPORTING UNIT"
"P2600216424","2026-07-20T06:53:59.000","260031836","4","6D","P2","VANDALISM, DAMAGE, MISCHIEF-TRS - TELEPHONE REPORTING UNIT","VANDALISM, DAMAGE, MISCHIEF-TRS - TELEPHONE REPORTING UNIT"
"P2600216432","2026-07-20T07:17:02.000","260031838","4","2D","D1","THEFTT - TRS THEFT/LARCENY - TELEPHONE REPORTING UNIT","THEFTT - TRS THEFT/LARCENY - TELEPHONE REPORTING UNIT"
"P2600216445","2026-07-20T07:36:39.000","260031840","4","3D","I3","THEFTT - TRS THEFT/LARCENY - TELEPHONE REPORTING UNIT","THEFTT - TRS THEFT/LARCENY - TELEPHONE REPORTING UNIT"
"P2600216446","2026-07-20T07:37:47.000","260031842","4","3D","I2","THEFTT - TRS THEFT/LARCENY - TELEPHONE REPORTING UNIT","THEFTT - TRS THEFT/LARCENY - TELEPHONE REPORTING UNIT"
"P2600216463","2026-07-20T07:57:31.000","260031855","4","3D","I2","THEFTT - TRS THEFT/LARCENY - TELEPHONE REPORTING UNIT","THEFTT - TRS THEFT/LARCENY - TELEPHONE REPORTING UNIT"
"P2600216571","2026-07-20T10:05:19.000","260031859","4","3D","I2","THEFTT - TRS THEFT/LARCENY - TELEPHONE REPORTING UNIT","THEFTT - TRS THEFT/LARCENY - TELEPHONE REPORTING UNIT"
"P2600216643","2026-07-20T11:39:27.000","260031861","4","2D","D2","THEFTT - TRS THEFT/LARCENY - TELEPHONE REPORTING UNIT","THEFTT - TRS THEFT/LARCENY - TELEPHONE REPORTING UNIT"
"P2600216576","2026-07-20T10:13:07.000","260031862","4","5D","M3","THEFTT - TRS THEFT/LARCENY - TELEPHONE REPORTING UNIT","THEFTT - TRS THEFT/LARCENY - TELEPHONE REPORTING UNIT"
"P2600216628","2026-07-20T11:19:12.000","260031863","4","5D","N1","THEFTT - TRS THEFT/LARCENY - TELEPHONE REPORTING UNIT","THEFTT - TRS THEFT/LARCENY - TELEPHONE REPORTING UNIT"
"P2600216652","2026-07-20T11:46:55.000","260031867","4","6D","P2","THEFTT - TRS THEFT/LARCENY - TELEPHONE REPORTING UNIT","STLVEHT - TRS STOLEN VEHICLE - TELEPHONE REPORTING UNIT"
"P2600216750","2026-07-20T13:37:36.000","260031869","4","2D","E1","THEFTT - TRS THEFT/LARCENY - TELEPHONE REPORTING UNIT","THEFTT - TRS THEFT/LARCENY - TELEPHONE REPORTING UNIT"
"P2600216687","2026-07-20T12:22:04.000","260031871","4","3D","I3","THEFTT - TRS THEFT/LARCENY - TELEPHONE REPORTING UNIT","THEFTT - TRS THEFT/LARCENY - TELEPHONE REPORTING UNIT"
"P2600216732","2026-07-20T13:16:17.000","260031874","4","1D","B1","THEFTT - TRS THEFT/LARCENY - TELEPHONE REPORTING UNIT","THEFTT - TRS THEFT/LARCENY - TELEPHONE REPORTING UNIT"
"P2600216794","2026-07-20T14:36:50.000","260031878","4","5D","M2","THEFTT - TRS THEFT/LARCENY - TELEPHONE REPORTING UNIT","THEFTT - TRS THEFT/LARCENY - TELEPHONE REPORTING UNIT"
"P2600216777","2026-07-20T14:08:25.000","260031886","4","6D","R3","THEFTT - TRS THEFT/LARCENY - TELEPHONE REPORTING UNIT","THEFTT - TRS THEFT/LARCENY - TELEPHONE REPORTING UNIT"
"P2600216840","2026-07-20T15:15:14.000","260031894","4","5D","M2","THEFTT - TRS THEFT/LARCENY - TELEPHONE REPORTING UNIT","THEFTT - TRS THEFT/LARCENY - TELEPHONE REPORTING UNIT"
"P2600216866","2026-07-20T15:36:57.000","260031896","4","2D","E1","THEFTT - TRS THEFT/LARCENY - TELEPHONE REPORTING UNIT","THEFTT - TRS THEFT/LARCENY - TELEPHONE REPORTING UNIT"
"P2600216884","2026-07-20T16:00:08.000","260031899","4","4D","L2","LOSTT-TRS ADMIN (DOCUMENT, LOST OR FOUND PROP, MESSAGES - TELEPHONE REPORTING UNIT","LOSTT-TRS ADMIN (DOCUMENT, LOST OR FOUND PROP, MESSAGES - TELEPHONE REPORTING UNIT"
"P2600216966","2026-07-20T17:42:50.000","260031908","4","2D","E2","THEFTT - TRS THEFT/LARCENY - TELEPHONE REPORTING UNIT","THEFTT - TRS THEFT/LARCENY - TELEPHONE REPORTING UNIT"
"P2600216948","2026-07-20T17:14:27.000","260031911","4","6D","R3","LOSTT-TRS ADMIN (DOCUMENT, LOST OR FOUND PROP, MESSAGES - TELEPHONE REPORTING UNIT","THEFTT - TRS THEFT/LARCENY - TELEPHONE REPORTING UNIT"
"P2600216974","2026-07-20T17:50:33.000","260031918","4","1D","B1","VANDALISM, DAMAGE, MISCHIEF-TRS - TELEPHONE REPORTING UNIT","VANDALISM, DAMAGE, MISCHIEF-TRS - TELEPHONE REPORTING UNIT"
"P2600217040","2026-07-20T19:08:05.000","260031926","4","4D","K1","LOSTT-TRS ADMIN (DOCUMENT, LOST OR FOUND PROP, MESSAGES - TELEPHONE REPORTING UNIT","THEFTT - TRS THEFT/LARCENY - TELEPHONE REPORTING UNIT"
"P2600217085","2026-07-20T19:52:06.000","260031931","4","6D","P2","THEFTT - TRS THEFT/LARCENY - TELEPHONE REPORTING UNIT","THEFTT - TRS THEFT/LARCENY - TELEPHONE REPORTING UNIT"
"P2600217116","2026-07-20T20:35:20.000","260031935","4","5D","M3","THEFTT - TRS THEFT/LARCENY - TELEPHONE REPORTING UNIT","THEFTT - TRS THEFT/LARCENY - TELEPHONE REPORTING UNIT"
"P2600217234","2026-07-20T23:15:27.000","260031949","4","1D","A1","STLVEHT - TRS STOLEN VEHICLE - TELEPHONE REPORTING UNIT","STLVEHT - TRS STOLEN VEHICLE - TELEPHONE REPORTING UNIT"
"P2600217320","2026-07-21T02:21:36.000","260031951","4","4D","K1","VANDALISM, DAMAGE, MISCHIEF-TRS - TELEPHONE REPORTING UNIT","THEFTT - TRS THEFT/LARCENY - TELEPHONE REPORTING UNIT"
"P2600217371","2026-07-21T04:23:36.000","260031954","4","4D","L1","STLVEHT - TRS STOLEN VEHICLE - TELEPHONE REPORTING UNIT","STLVEHT - TRS STOLEN VEHICLE - TELEPHONE REPORTING UNIT"
"P2600217408","2026-07-21T05:50:54.000","260031955","4","4D","L1","STLVEHT - TRS STOLEN VEHICLE - TELEPHONE REPORTING UNIT","STLVEHT - TRS STOLEN VEHICLE - TELEPHONE REPORTING UNIT"
"P2600217416","2026-07-21T06:17:11.000","260031962","4","3D","I2","STLVEHT - TRS STOLEN VEHICLE - TELEPHONE REPORTING UNIT","STLVEHT - TRS STOLEN VEHICLE - TELEPHONE REPORTING UNIT"
"P2600217435","2026-07-21T06:44:32.000","260031965","4","4D","L1","STLVEHT - TRS STOLEN VEHICLE - TELEPHONE REPORTING UNIT","STLVEHT - TRS STOLEN VEHICLE - TELEPHONE REPORTING UNIT"
"P2600217488","2026-07-21T08:05:35.000","260031968","4","3D","I2","STLVEHT - TRS STOLEN VEHICLE - TELEPHONE REPORTING UNIT","STLVEHT - TRS STOLEN VEHICLE - TELEPHONE REPORTING UNIT"
"P2600217494","2026-07-21T08:09:16.000","260031972","4","6D","R2","STLVEHT - TRS STOLEN VEHICLE - TELEPHONE REPORTING UNIT","STLVEHT - TRS STOLEN VEHICLE - TELEPHONE REPORTING UNIT"
"P2600217486","2026-07-21T08:01:04.000","260031975","4","4D","L1","STLVEHT - TRS STOLEN VEHICLE - TELEPHONE REPORTING UNIT","STLVEHT - TRS STOLEN VEHICLE - TELEPHONE REPORTING UNIT"
"P2600217432","2026-07-21T06:42:34.000","260031976","4","4D","L3","THEFTT - TRS THEFT/LARCENY - TELEPHONE REPORTING UNIT","THEFTT - TRS THEFT/LARCENY - TELEPHONE REPORTING UNIT"
"P2600217549","2026-07-21T09:17:04.000","260031978","4","2D","D2","STLVEHT - TRS STOLEN VEHICLE - TELEPHONE REPORTING UNIT","STLVEHT - TRS STOLEN VEHICLE - TELEPHONE REPORTING UNIT"
"P2600217547","2026-07-21T09:20:45.000","260031988","4","3D","I2","FRAUDT-TRS FRAUD / DECEPTION - TELEPHONE REPORTING UNIT","FRAUDT-TRS FRAUD / DECEPTION - TELEPHONE REPORTING UNIT"
"P2600217552","2026-07-21T09:26:06.000","260031989","4","6D","R2","THEFTT - TRS THEFT/LARCENY - TELEPHONE REPORTING UNIT","THEFTT - TRS THEFT/LARCENY - TELEPHONE REPORTING UNIT"
"P2600217556","2026-07-21T09:28:57.000","260031991","4","4D","K1","FRAUDT-TRS FRAUD / DECEPTION - TELEPHONE REPORTING UNIT","FRAUDT-TRS FRAUD / DECEPTION - TELEPHONE REPORTING UNIT"
"P2600217684","2026-07-21T11:31:14.000","260031992","4","6D","R1","STLVEHT - TRS STOLEN VEHICLE - TELEPHONE REPORTING UNIT","STLVEHT - TRS STOLEN VEHICLE - TELEPHONE REPORTING UNIT"
"P2600217563","2026-07-21T09:35:36.000","260032000","4","1D","A2","VANDALISM, DAMAGE, MISCHIEF-TRS - TELEPHONE REPORTING UNIT","VANDALISM, DAMAGE, MISCHIEF-TRS - TELEPHONE REPORTING UNIT"
"P2600217782","2026-07-21T12:47:47.000","260032011","4","6D","P1","STLVEHT - TRS STOLEN VEHICLE - TELEPHONE REPORTING UNIT","STLVEHT - TRS STOLEN VEHICLE - TELEPHONE REPORTING UNIT"
"P2600217634","2026-07-21T10:36:21.000","260032017","4","2D","D2","THEFTT - TRS THEFT/LARCENY - TELEPHONE REPORTING UNIT","THEFTT - TRS THEFT/LARCENY - TELEPHONE REPORTING UNIT"
"P2600217611","2026-07-21T10:24:30.000","260032018","4","2D","E2","FRAUDT-TRS FRAUD / DECEPTION - TELEPHONE REPORTING UNIT","FRAUDT-TRS FRAUD / DECEPTION - TELEPHONE REPORTING UNIT"
"P2600217698","2026-07-21T11:37:29.000","260032024","4","3D","I2","THEFTT - TRS THEFT/LARCENY - TELEPHONE REPORTING UNIT","THEFTT - TRS THEFT/LARCENY - TELEPHONE REPORTING UNIT"
"P2600217727","2026-07-21T11:58:40.000","260032027","4","2D","D2","THEFTT - TRS THEFT/LARCENY - TELEPHONE REPORTING UNIT","THEFTT - TRS THEFT/LARCENY - TELEPHONE REPORTING UNIT"
"P2600217720","2026-07-21T11:51:16.000","260032028","4","3D","G3","THEFTT - TRS THEFT/LARCENY - TELEPHONE REPORTING UNIT","THEFTT - TRS THEFT/LARCENY - TELEPHONE REPORTING UNIT"
"P2600217739","2026-07-21T12:00:13.000","260032030","4","6D","P2","THEFTT - TRS THEFT/LARCENY - TELEPHONE REPORTING UNIT","THEFTT - TRS THEFT/LARCENY - TELEPHONE REPORTING UNIT"
"P2600217761","2026-07-21T12:26:11.000","260032031","4","2D","E2","LOSTT-TRS ADMIN (DOCUMENT, LOST OR FOUND PROP, MESSAGES - TELEPHONE REPORTING UNIT","LOSTT-TRS ADMIN (DOCUMENT, LOST OR FOUND PROP, MESSAGES - TELEPHONE REPORTING UNIT"
"P2600217808","2026-07-21T13:11:23.000","260032033","4","3D","G2","FRAUDT-TRS FRAUD / DECEPTION - TELEPHONE REPORTING UNIT","FRAUDT-TRS FRAUD / DECEPTION - TELEPHONE REPORTING UNIT"
"P2600217872","2026-07-21T14:36:09.000","260032036","4","2D","D2","THEFTT - TRS THEFT/LARCENY - TELEPHONE REPORTING UNIT","THEFTT - TRS THEFT/LARCENY - TELEPHONE REPORTING UNIT"
"P2600217912","2026-07-21T15:22:38.000","260032040","4","5D","M3","THEFTT - TRS THEFT/LARCENY - TELEPHONE REPORTING UNIT","THEFTT - TRS THEFT/LARCENY - TELEPHONE REPORTING UNIT"
"P2600217910","2026-07-21T15:16:28.000","260032042","4","6D","P1","FRAUDT-TRS FRAUD / DECEPTION - TELEPHONE REPORTING UNIT","FRAUDT-TRS FRAUD / DECEPTION - TELEPHONE REPORTING UNIT"
"P2600217971","2026-07-21T16:13:06.000","260032048","4","5D","N2","FRAUDT-TRS FRAUD / DECEPTION - TELEPHONE REPORTING UNIT","FRAUDT-TRS FRAUD / DECEPTION - TELEPHONE REPORTING UNIT"
"P2600217972","2026-07-21T16:12:44.000","260032054","4","5D","N1","FRAUDT-TRS FRAUD / DECEPTION - TELEPHONE REPORTING UNIT","FRAUDT-TRS FRAUD / DECEPTION - TELEPHONE REPORTING UNIT"
"P2600218000","2026-07-21T16:35:07.000","260032061","4","1D","A1","LOSTT-TRS ADMIN (DOCUMENT, LOST OR FOUND PROP, MESSAGES - TELEPHONE REPORTING UNIT","LOSTT-TRS ADMIN (DOCUMENT, LOST OR FOUND PROP, MESSAGES - TELEPHONE REPORTING UNIT"
"P2600217997","2026-07-21T16:31:53.000","260032062","4","3D","G3","STLVEHT - TRS STOLEN VEHICLE - TELEPHONE REPORTING UNIT","STLVEHT - TRS STOLEN VEHICLE - TELEPHONE REPORTING UNIT"
"P2600218043","2026-07-21T17:25:22.000","260032064","4","4D","L2","THEFTT - TRS THEFT/LARCENY - TELEPHONE REPORTING UNIT","THEFTT - TRS THEFT/LARCENY - TELEPHONE REPORTING UNIT"
"P2600218048","2026-07-21T17:30:25.000","260032076","4","6D","R1","STLVEHT - TRS STOLEN VEHICLE - TELEPHONE REPORTING UNIT","VANDALISM, DAMAGE, MISCHIEF-TRS - TELEPHONE REPORTING UNIT"
"P2600218159","2026-07-21T19:50:39.000","260032079","4","6D","R2","LOSTT-TRS ADMIN (DOCUMENT, LOST OR FOUND PROP, MESSAGES - TELEPHONE REPORTING UNIT","LOSTT-TRS ADMIN (DOCUMENT, LOST OR FOUND PROP, MESSAGES - TELEPHONE REPORTING UNIT"
"P2600218435","2026-07-22T04:25:09.000","260032101","4","3D","G3","THEFTT - TRS THEFT/LARCENY - TELEPHONE REPORTING UNIT","THEFTT - TRS THEFT/LARCENY - TELEPHONE REPORTING UNIT"
"P2600218460","2026-07-22T05:26:34.000","260032103","4","3D","G3","THEFTT - TRS THEFT/LARCENY - TELEPHONE REPORTING UNIT","THEFTT - TRS THEFT/LARCENY - TELEPHONE REPORTING UNIT"
"P2600218469","2026-07-22T05:57:44.000","260032105","4","3D","I3","THEFTT - TRS THEFT/LARCENY - TELEPHONE REPORTING UNIT","THEFTT - TRS THEFT/LARCENY - TELEPHONE REPORTING UNIT"
"P2600218500","2026-07-22T07:01:21.000","260032107","4","2D","D1","STLVEHT - TRS STOLEN VEHICLE - TELEPHONE REPORTING UNIT","STLVEHT - TRS STOLEN VEHICLE - TELEPHONE REPORTING UNIT"
"P2600218498","2026-07-22T06:56:44.000","260032110","4","5D","M1","STLVEHT - TRS STOLEN VEHICLE - TELEPHONE REPORTING UNIT","STLVEHT - TRS STOLEN VEHICLE - TELEPHONE REPORTING UNIT"
"P2600218514","2026-07-22T07:22:29.000","260032113","4","3D","G3","STLVEHT - TRS STOLEN VEHICLE - TELEPHONE REPORTING UNIT","STLVEHT - TRS STOLEN VEHICLE - TELEPHONE REPORTING UNIT"
"P2600218508","2026-07-22T07:15:02.000","260032116, 260032117","4","2D","D1","STLVEHT - TRS STOLEN VEHICLE - TELEPHONE REPORTING UNIT","STLVEHT - TRS STOLEN VEHICLE - TELEPHONE REPORTING UNIT"
"P2600218480","2026-07-22T06:25:42.000","260032119","4","5D","M3","THEFTT - TRS THEFT/LARCENY - TELEPHONE REPORTING UNIT","THEFTT - TRS THEFT/LARCENY - TELEPHONE REPORTING UNIT"
"P2600218525","2026-07-22T07:31:17.000","260032121","4","6D","P2","STLVEHT - TRS STOLEN VEHICLE - TELEPHONE REPORTING UNIT","STLVEHT - TRS STOLEN VEHICLE - TELEPHONE REPORTING UNIT"
"P2600218484","2026-07-22T06:29:37.000","260032124","4","3D","G1","THEFTT - TRS THEFT/LARCENY - TELEPHONE REPORTING UNIT","THEFTT - TRS THEFT/LARCENY - TELEPHONE REPORTING UNIT"
"P2600218521","2026-07-22T07:30:43.000","260032126","4","3D","I1","VANDALISM, DAMAGE, MISCHIEF-TRS - TELEPHONE REPORTING UNIT","VANDALISM, DAMAGE, MISCHIEF-TRS - TELEPHONE REPORTING UNIT"
"P2600218580","2026-07-22T08:50:52.000","260032130","4","5D","M3","THEFTT - TRS THEFT/LARCENY - TELEPHONE REPORTING UNIT","THEFTT - TRS THEFT/LARCENY - TELEPHONE REPORTING UNIT"
"P2600218615","2026-07-22T09:32:33.000","260032132","4","3D","G1","THEFTT - TRS THEFT/LARCENY - TELEPHONE REPORTING UNIT","THEFTT - TRS THEFT/LARCENY - TELEPHONE REPORTING UNIT"
"P2600218537","2026-07-22T07:59:33.000","260032136","4","5D","M1","THEFTT - TRS THEFT/LARCENY - TELEPHONE REPORTING UNIT","THEFTT - TRS THEFT/LARCENY - TELEPHONE REPORTING UNIT"
"P2600218612","2026-07-22T09:23:07.000","260032137","4","1D","B2","THEFTT - TRS THEFT/LARCENY - TELEPHONE REPORTING UNIT","THEFTT - TRS THEFT/LARCENY - TELEPHONE REPORTING UNIT"
"P2600218641","2026-07-22T10:03:28.000","260032140","4","6D","P2","VANDALISM, DAMAGE, MISCHIEF-TRS - TELEPHONE REPORTING UNIT","VANDALISM, DAMAGE, MISCHIEF-TRS - TELEPHONE REPORTING UNIT"
"P2600218558","2026-07-22T08:18:43.000","260032144","4","3D","I2","STLVEHT - TRS STOLEN VEHICLE - TELEPHONE REPORTING UNIT","STLVEHT - TRS STOLEN VEHICLE - TELEPHONE REPORTING UNIT"
"P2600218634","2026-07-22T09:56:13.000","260032145","4","5D","M3","THEFTT - TRS THEFT/LARCENY - TELEPHONE REPORTING UNIT","THEFTT - TRS THEFT/LARCENY - TELEPHONE REPORTING UNIT"
"P2600218619","2026-07-22T09:36:36.000","260032152","4","5D","M3","THEFTT - TRS THEFT/LARCENY - TELEPHONE REPORTING UNIT","THEFTT - TRS THEFT/LARCENY - TELEPHONE REPORTING UNIT"
"P2600218762","2026-07-22T12:00:25.000","260032163","4","3D","I1","THEFTT - TRS THEFT/LARCENY - TELEPHONE REPORTING UNIT","THEFTT - TRS THEFT/LARCENY - TELEPHONE REPORTING UNIT"
"P2600218804","2026-07-22T12:42:17.000","260032169","4","6D","R3","LOSTT-TRS ADMIN (DOCUMENT, LOST OR FOUND PROP, MESSAGES - TELEPHONE REPORTING UNIT","LOSTT-TRS ADMIN (DOCUMENT, LOST OR FOUND PROP, MESSAGES - TELEPHONE REPORTING UNIT"
"P2600218721","2026-07-22T11:24:37.000","260032175","4","1D","A2","LOSTT-TRS ADMIN (DOCUMENT, LOST OR FOUND PROP, MESSAGES - TELEPHONE REPORTING UNIT","LOSTT-TRS ADMIN (DOCUMENT, LOST OR FOUND PROP, MESSAGES - TELEPHONE REPORTING UNIT"
"P2600218673","2026-07-22T10:34:31.000","260032177","4","3D","I3","LOSTT-TRS ADMIN (DOCUMENT, LOST OR FOUND PROP, MESSAGES - TELEPHONE REPORTING UNIT","LOSTT-TRS ADMIN (DOCUMENT, LOST OR FOUND PROP, MESSAGES - TELEPHONE REPORTING UNIT"
"P2600218746","2026-07-22T11:47:13.000","260032184","4","5D","M3","THEFTT - TRS THEFT/LARCENY - TELEPHONE REPORTING UNIT","THEFTT - TRS THEFT/LARCENY - TELEPHONE REPORTING UNIT"
"P2600218884","2026-07-22T14:03:04.000","260032186","4","2D","E1","THEFTT - TRS THEFT/LARCENY - TELEPHONE REPORTING UNIT","THEFTT - TRS THEFT/LARCENY - TELEPHONE REPORTING UNIT"
"P2600218874","2026-07-22T13:53:05.000","260032187","4","6D","P3","THEFTT - TRS THEFT/LARCENY - TELEPHONE REPORTING UNIT","THEFTT - TRS THEFT/LARCENY - TELEPHONE REPORTING UNIT"
"P2600218809","2026-07-22T12:51:55.000","260032189","4","3D","G1","VANDALISM, DAMAGE, MISCHIEF-TRS - TELEPHONE REPORTING UNIT","VANDALISM, DAMAGE, MISCHIEF-TRS - TELEPHONE REPORTING UNIT"
"P2600218907","2026-07-22T14:36:59.000","260032196","4","6D","R2","THEFTT - TRS THEFT/LARCENY - TELEPHONE REPORTING UNIT","THEFTT - TRS THEFT/LARCENY - TELEPHONE REPORTING UNIT"
"P2600218893","2026-07-22T14:23:28.000","260032209","4","5D","M1","THEFTT - TRS THEFT/LARCENY - TELEPHONE REPORTING UNIT","THEFTT - TRS THEFT/LARCENY - TELEPHONE REPORTING UNIT"
"P2600218984","2026-07-22T15:40:55.000","260032212","4","3D","I2","STLVEHT - TRS STOLEN VEHICLE - TELEPHONE REPORTING UNIT","STLVEHT - TRS STOLEN VEHICLE - TELEPHONE REPORTING UNIT"
"P2600219075","2026-07-22T16:57:30.000","260032239","4","4D","L1","LOSTT-TRS ADMIN (DOCUMENT, LOST OR FOUND PROP, MESSAGES - TELEPHONE REPORTING UNIT","LOSTT-TRS ADMIN (DOCUMENT, LOST OR FOUND PROP, MESSAGES - TELEPHONE REPORTING UNIT"
"P2600219132","2026-07-22T17:51:16.000","260032259","4","6D","R2","THEFTT - TRS THEFT/LARCENY - TELEPHONE REPORTING UNIT","THEFTT - TRS THEFT/LARCENY - TELEPHONE REPORTING UNIT"
"P2600219172","2026-07-22T18:36:07.000","260032263","4","4D","L1","VANDALISM, DAMAGE, MISCHIEF-TRS - TELEPHONE REPORTING UNIT","VANDALISM, DAMAGE, MISCHIEF-TRS - TELEPHONE REPORTING UNIT"
"P2600219218","2026-07-22T19:30:22.000","260032271","4","6D","R1","STLVEHT - TRS STOLEN VEHICLE - TELEPHONE REPORTING UNIT","STLVEHT - TRS STOLEN VEHICLE - TELEPHONE REPORTING UNIT"
"P2600219272","2026-07-22T20:13:14.000","260032279","4","3D","I2","STLVEHT - TRS STOLEN VEHICLE - TELEPHONE REPORTING UNIT","STLVEHT - TRS STOLEN VEHICLE - TELEPHONE REPORTING UNIT"
"P2600219288","2026-07-22T20:33:01.000","260032282","4","6D","R2","FRAUDT-TRS FRAUD / DECEPTION - TELEPHONE REPORTING UNIT","FRAUDT-TRS FRAUD / DECEPTION - TELEPHONE REPORTING UNIT"
"P2600219283","2026-07-22T20:26:04.000","260032284","4","4D","L2","THEFTT - TRS THEFT/LARCENY - TELEPHONE REPORTING UNIT","THEFTT - TRS THEFT/LARCENY - TELEPHONE REPORTING UNIT"
"P2600219295","2026-07-22T20:42:47.000","260032285","4","6D","R3","VANDALISM, DAMAGE, MISCHIEF-TRS - TELEPHONE REPORTING UNIT","VANDALISM, DAMAGE, MISCHIEF-TRS - TELEPHONE REPORTING UNIT"
"P2600219286","2026-07-22T20:28:52.000","260032291","4","2D","D1","THEFTT - TRS THEFT/LARCENY - TELEPHONE REPORTING UNIT","THEFTT - TRS THEFT/LARCENY - TELEPHONE REPORTING UNIT"
"P2600219296","2026-07-22T20:42:12.000","260032292","4","1D","A2","THEFTT - TRS THEFT/LARCENY - TELEPHONE REPORTING UNIT","THEFTT - TRS THEFT/LARCENY - TELEPHONE REPORTING UNIT"
"P2600219411","2026-07-22T22:54:08.000","260032297","4","2D","D2","THEFTT - TRS THEFT/LARCENY - TELEPHONE REPORTING UNIT","THEFTT - TRS THEFT/LARCENY - TELEPHONE REPORTING UNIT"
"P2600219518","2026-07-23T01:43:33.000","260032303","4","5D","N2","STLVEHT - TRS STOLEN VEHICLE - TELEPHONE REPORTING UNIT","STLVEHT - TRS STOLEN VEHICLE - TELEPHONE REPORTING UNIT"
"P2600219545","2026-07-23T02:45:39.000","260032307","4","6D","R1","STLVEHT - TRS STOLEN VEHICLE - TELEPHONE REPORTING UNIT","STLVEHT - TRS STOLEN VEHICLE - TELEPHONE REPORTING UNIT"
"P2600219600","2026-07-23T04:44:42.000","260032310","4","6D","P1","THEFTT - TRS THEFT/LARCENY - TELEPHONE REPORTING UNIT","THEFTT - TRS THEFT/LARCENY - TELEPHONE REPORTING UNIT"
"P2600219645","2026-07-23T06:41:26.000","260032312","4","3D","G1","VANDALISM, DAMAGE, MISCHIEF-TRS - TELEPHONE REPORTING UNIT","THEFTT - TRS THEFT/LARCENY - TELEPHONE REPORTING UNIT"
"P2600219650","2026-07-23T06:46:55.000","260032313","4","4D","L3","THEFTT - TRS THEFT/LARCENY - TELEPHONE REPORTING UNIT","THEFTT - TRS THEFT/LARCENY - TELEPHONE REPORTING UNIT"
"P2600219681","2026-07-23T07:20:08.000","260032314","4","4D","K1","STLVEHT - TRS STOLEN VEHICLE - TELEPHONE REPORTING UNIT","STLVEHT - TRS STOLEN VEHICLE - TELEPHONE REPORTING UNIT"
"P2600219660","2026-07-23T06:58:11.000","260032316","4","6D","P3","STLVEHT - TRS STOLEN VEHICLE - TELEPHONE REPORTING UNIT","STLVEHT - TRS STOLEN VEHICLE - TELEPHONE REPORTING UNIT"
"P2600219656","2026-07-23T06:53:02.000","260032321","4","3D","G1","THEFTT - TRS THEFT/LARCENY - TELEPHONE REPORTING UNIT","THEFTT - TRS THEFT/LARCENY - TELEPHONE REPORTING UNIT"
"P2600219663","2026-07-23T07:03:15.000","260032322","4","2D","D2","THEFTT - TRS THEFT/LARCENY - TELEPHONE REPORTING UNIT","THEFTT - TRS THEFT/LARCENY - TELEPHONE REPORTING UNIT"
"P2600219680","2026-07-23T07:19:29.000","260032336","4","3D","G1","VANDALISM, DAMAGE, MISCHIEF-TRS - TELEPHONE REPORTING UNIT","VANDALISM, DAMAGE, MISCHIEF-TRS - TELEPHONE REPORTING UNIT"
"P2600219688","2026-07-23T07:31:36.000","260032350","4","3D","G1","THEFTT - TRS THEFT/LARCENY - TELEPHONE REPORTING UNIT","THEFTT - TRS THEFT/LARCENY - TELEPHONE REPORTING UNIT"
"P2600219712","2026-07-23T08:02:55.000","260032351","4","3D","G1","THEFT/LARCENY FROM AUTO - OCCURRED EARLIER","THEFTT - TRS THEFT/LARCENY - TELEPHONE REPORTING UNIT"
"P2600219802","2026-07-23T09:12:43.000","260032353, 260032354","4","4D","K2","THEFTT - TRS THEFT/LARCENY - TELEPHONE REPORTING UNIT","THEFTT - TRS THEFT/LARCENY - TELEPHONE REPORTING UNIT"
"P2600219706","2026-07-23T07:56:17.000","260032358","4","5D","M1","LOSTT-TRS ADMIN (DOCUMENT, LOST OR FOUND PROP, MESSAGES - TELEPHONE REPORTING UNIT","LOSTT-TRS ADMIN (DOCUMENT, LOST OR FOUND PROP, MESSAGES - TELEPHONE REPORTING UNIT"
"P2600219792","2026-07-23T09:00:59.000","260032366","4","2D","D2","VANDALISM, DAMAGE, MISCHIEF-TRS - TELEPHONE REPORTING UNIT","VANDALISM, DAMAGE, MISCHIEF-TRS - TELEPHONE REPORTING UNIT"
"P2600219737","2026-07-23T08:36:06.000","260032368","4","4D","K3","FRAUDT-TRS FRAUD / DECEPTION - TELEPHONE REPORTING UNIT","FRAUDT-TRS FRAUD / DECEPTION - TELEPHONE REPORTING UNIT"
"P2600219739","2026-07-23T08:35:34.000","260032372","4","3D","G1","VANDALISM, DAMAGE, MISCHIEF-TRS - TELEPHONE REPORTING UNIT","VANDALISM, DAMAGE, MISCHIEF-TRS - TELEPHONE REPORTING UNIT"
"P2600219806","2026-07-23T09:24:57.000","260032375","4","6D","P3","THEFTT - TRS THEFT/LARCENY - TELEPHONE REPORTING UNIT","THEFTT - TRS THEFT/LARCENY - TELEPHONE REPORTING UNIT"
"P2600219859","2026-07-23T10:30:36.000","260032383","4","3D","I2","THEFTT - TRS THEFT/LARCENY - TELEPHONE REPORTING UNIT","THEFTT - TRS THEFT/LARCENY - TELEPHONE REPORTING UNIT"
"P2600219836","2026-07-23T10:04:09.000","260032390","4","2D","D2","VANDALISM, DAMAGE, MISCHIEF-TRS - TELEPHONE REPORTING UNIT","VANDALISM, DAMAGE, MISCHIEF-TRS - TELEPHONE REPORTING UNIT"
"P2600219975","2026-07-23T12:48:32.000","260032402","4","4D","K1","STLVEHT - TRS STOLEN VEHICLE - TELEPHONE REPORTING UNIT","STLVEHT - TRS STOLEN VEHICLE - TELEPHONE REPORTING UNIT"
"P2600219837","2026-07-23T10:04:02.000","260032403","4","3D","G3","VANDALISM, DAMAGE, MISCHIEF-TRS - TELEPHONE REPORTING UNIT","VANDALISM, DAMAGE, MISCHIEF-TRS - TELEPHONE REPORTING UNIT"
"P2600219900","2026-07-23T11:23:30.000","260032405","4","6D","P1","THEFTT - TRS THEFT/LARCENY - TELEPHONE REPORTING UNIT","THEFTT - TRS THEFT/LARCENY - TELEPHONE REPORTING UNIT"
"P2600219933","2026-07-23T11:59:26.000","260032415","4","2D","D1","LOSTT-TRS ADMIN (DOCUMENT, LOST OR FOUND PROP, MESSAGES - TELEPHONE REPORTING UNIT","LOSTT-TRS ADMIN (DOCUMENT, LOST OR FOUND PROP, MESSAGES - TELEPHONE REPORTING UNIT"
"P2600220055","2026-07-23T14:37:34.000","260032416","4","1D","A2","STLVEHT - TRS STOLEN VEHICLE - TELEPHONE REPORTING UNIT","STLVEHT - TRS STOLEN VEHICLE - TELEPHONE REPORTING UNIT"
"P2600219935","2026-07-23T12:01:54.000","260032428","4","6D","P1","THEFTT - TRS THEFT/LARCENY - TELEPHONE REPORTING UNIT","THEFTT - TRS THEFT/LARCENY - TELEPHONE REPORTING UNIT"
"P2600219895","2026-07-23T11:14:30.000","260032429","4","6D","P3","THEFTT - TRS THEFT/LARCENY - TELEPHONE REPORTING UNIT","THEFTT - TRS THEFT/LARCENY - TELEPHONE REPORTING UNIT"
"P2600220001","2026-07-23T13:22:09.000","260032430","4","3D","G1","THEFTT - TRS THEFT/LARCENY - TELEPHONE REPORTING UNIT","THEFTT - TRS THEFT/LARCENY - TELEPHONE REPORTING UNIT"
"P2600220087","2026-07-23T15:00:05.000","260032432","4","5D","N1","STLVEHT - TRS STOLEN VEHICLE - TELEPHONE REPORTING UNIT","STLVEHT - TRS STOLEN VEHICLE - TELEPHONE REPORTING UNIT"
"P2600220081","2026-07-23T15:05:46.000","260032433","4","3D","I2","STLVEHT - TRS STOLEN VEHICLE - TELEPHONE REPORTING UNIT","STLVEHT - TRS STOLEN VEHICLE - TELEPHONE REPORTING UNIT"
"P2600220013","2026-07-23T13:37:41.000","260032435","4","4D","L3","THEFTT - TRS THEFT/LARCENY - TELEPHONE REPORTING UNIT","THEFTT - TRS THEFT/LARCENY - TELEPHONE REPORTING UNIT"
"P2600220232","2026-07-23T17:42:03.000","260032446","4","6D","P3","THEFTT - TRS THEFT/LARCENY - TELEPHONE REPORTING UNIT","THEFTT - TRS THEFT/LARCENY - TELEPHONE REPORTING UNIT"
"P2600220286","2026-07-23T18:23:17.000","260032454","4","3D","I2","STLVEHT - TRS STOLEN VEHICLE - TELEPHONE REPORTING UNIT","STLVEHT - TRS STOLEN VEHICLE - TELEPHONE REPORTING UNIT"
"P2600220120","2026-07-23T15:50:06.000","260032460","4","6D","R2","THEFTT - TRS THEFT/LARCENY - TELEPHONE REPORTING UNIT","THEFTT - TRS THEFT/LARCENY - TELEPHONE REPORTING UNIT"
"P2600220315","2026-07-23T18:46:04.000","260032462","4","4D","K1","FRAUDT-TRS FRAUD / DECEPTION - TELEPHONE REPORTING UNIT","FRAUDT-TRS FRAUD / DECEPTION - TELEPHONE REPORTING UNIT"
"P2600220535","2026-07-23T22:25:18.000","260032474","4","4D","L3","THEFTT - TRS THEFT/LARCENY - TELEPHONE REPORTING UNIT","THEFTT - TRS THEFT/LARCENY - TELEPHONE REPORTING UNIT"
"P2600220585","2026-07-23T23:19:31.000","260032475","4","1D","A1","STLVEHT - TRS STOLEN VEHICLE - TELEPHONE REPORTING UNIT","STLVEHT - TRS STOLEN VEHICLE - TELEPHONE REPORTING UNIT"
"P2600220780","2026-07-24T05:43:17.000","260032488","4","5D","M1","THEFTT - TRS THEFT/LARCENY - TELEPHONE REPORTING UNIT","THEFTT - TRS THEFT/LARCENY - TELEPHONE REPORTING UNIT"
"P2600220801","2026-07-24T06:33:53.000","260032492","4","3D","G3","THEFTT - TRS THEFT/LARCENY - TELEPHONE REPORTING UNIT","THEFTT - TRS THEFT/LARCENY - TELEPHONE REPORTING UNIT"
"P2600220814","2026-07-24T06:54:33.000","260032496","4","4D","L2","STLVEHT - TRS STOLEN VEHICLE - TELEPHONE REPORTING UNIT","STLVEHT - TRS STOLEN VEHICLE - TELEPHONE REPORTING UNIT"
"P2600220796","2026-07-24T06:23:55.000","260032499","4","4D","K3","THEFTT - TRS THEFT/LARCENY - TELEPHONE REPORTING UNIT","THEFTT - TRS THEFT/LARCENY - TELEPHONE REPORTING UNIT"
"P2600220808","2026-07-24T06:41:09.000","260032502","4","4D","K3","THEFTT - TRS THEFT/LARCENY - TELEPHONE REPORTING UNIT","THEFTT - TRS THEFT/LARCENY - TELEPHONE REPORTING UNIT"
"P2600220875","2026-07-24T08:34:53.000","260032506","4","6D","R3","STLVEHT - TRS STOLEN VEHICLE - TELEPHONE REPORTING UNIT","STLVEHT - TRS STOLEN VEHICLE - TELEPHONE REPORTING UNIT"
"P2600220958","2026-07-24T10:14:01.000","260032516","4","6D","P3","STLVEHT - TRS STOLEN VEHICLE - TELEPHONE REPORTING UNIT","STLVEHT - TRS STOLEN VEHICLE - TELEPHONE REPORTING UNIT"
"P2600220981","2026-07-24T10:36:59.000","260032522","4","6D","P3","STLVEHT - TRS STOLEN VEHICLE - TELEPHONE REPORTING UNIT","STLVEHT - TRS STOLEN VEHICLE - TELEPHONE REPORTING UNIT"
"P2600220978","2026-07-24T10:36:21.000","260032527","4","3D","I3","THEFTT - TRS THEFT/LARCENY - TELEPHONE REPORTING UNIT","THEFTT - TRS THEFT/LARCENY - TELEPHONE REPORTING UNIT"
"P2600221044","2026-07-24T11:44:37.000","260032536","4","3D","I1","LOSTT-TRS ADMIN (DOCUMENT, LOST OR FOUND PROP, MESSAGES - TELEPHONE REPORTING UNIT","LOSTT-TRS ADMIN (DOCUMENT, LOST OR FOUND PROP, MESSAGES - TELEPHONE REPORTING UNIT"
"P2600221039","2026-07-24T11:33:57.000","260032549","4","4D","K3","THEFTT - TRS THEFT/LARCENY - TELEPHONE REPORTING UNIT","THEFTT - TRS THEFT/LARCENY - TELEPHONE REPORTING UNIT"
"P2600220869","2026-07-24T08:24:13.000","260032557","4","3D","G3","THEFTT - TRS THEFT/LARCENY - TELEPHONE REPORTING UNIT","THEFTT - TRS THEFT/LARCENY - TELEPHONE REPORTING UNIT"
"P2600221085","2026-07-24T12:33:56.000","260032562","4","2D","D2","THEFTT - TRS THEFT/LARCENY - TELEPHONE REPORTING UNIT","THEFTT - TRS THEFT/LARCENY - TELEPHONE REPORTING UNIT"
"P2600221180","2026-07-24T14:16:15.000","260032566","4","3D","I2","STLVEHT - TRS STOLEN VEHICLE - TELEPHONE REPORTING UNIT","STLVEHT - TRS STOLEN VEHICLE - TELEPHONE REPORTING UNIT"
"P2600221228","2026-07-24T15:15:38.000","260032572","4","3D","I2","THEFTT - TRS THEFT/LARCENY - TELEPHONE REPORTING UNIT","THEFTT - TRS THEFT/LARCENY - TELEPHONE REPORTING UNIT"
"P2600220964","2026-07-24T10:18:27.000","260032587","4","2D","E1","THEFTT - TRS THEFT/LARCENY - TELEPHONE REPORTING UNIT","THEFTT - TRS THEFT/LARCENY - TELEPHONE REPORTING UNIT"
"P2600221076","2026-07-24T12:29:49.000","260032594, 260032595, 260032596","4","4D","L1","THEFTT - TRS THEFT/LARCENY - TELEPHONE REPORTING UNIT","THEFTT - TRS THEFT/LARCENY - TELEPHONE REPORTING UNIT"
"P2600221284","2026-07-24T16:14:57.000","260032609","4","5D","M2","THEFTT - TRS THEFT/LARCENY - TELEPHONE REPORTING UNIT","THEFTT - TRS THEFT/LARCENY - TELEPHONE REPORTING UNIT"
"P2600221266","2026-07-24T15:53:27.000","260032611","4","6D","R1","FRAUDT-TRS FRAUD / DECEPTION - TELEPHONE REPORTING UNIT","FRAUDT-TRS FRAUD / DECEPTION - TELEPHONE REPORTING UNIT"
"P2600221454","2026-07-24T19:33:07.000","260032616","4","6D","P3","FRAUDT-TRS FRAUD / DECEPTION - TELEPHONE REPORTING UNIT","FRAUDT-TRS FRAUD / DECEPTION - TELEPHONE REPORTING UNIT"
"P2600221630","2026-07-24T22:57:17.000","260032625","4","4D","L3","THEFTT - TRS THEFT/LARCENY - TELEPHONE REPORTING UNIT","THEFTT - TRS THEFT/LARCENY - TELEPHONE REPORTING UNIT"
"P2600221653","2026-07-24T23:28:08.000","260032634","4","6D","R2","STLVEHT - TRS STOLEN VEHICLE - TELEPHONE REPORTING UNIT","STLVEHT - TRS STOLEN VEHICLE - TELEPHONE REPORTING UNIT"
"P2600221712","2026-07-25T00:42:52.000","260032635","4","3D","G1","THEFTT - TRS THEFT/LARCENY - TELEPHONE REPORTING UNIT","THEFTT - TRS THEFT/LARCENY - TELEPHONE REPORTING UNIT"
"P2600221771","2026-07-25T02:11:21.000","260032639","4","5D","N1","STLVEHT - TRS STOLEN VEHICLE - TELEPHONE REPORTING UNIT","STLVEHT - TRS STOLEN VEHICLE - TELEPHONE REPORTING UNIT"
"P2600221985","2026-07-25T08:11:19.000","260032654","4","3D","I2","VANDALISM, DAMAGE, MISCHIEF-TRS - TELEPHONE REPORTING UNIT","VANDALISM, DAMAGE, MISCHIEF-TRS - TELEPHONE REPORTING UNIT"
"P2600221988","2026-07-25T08:23:51.000","260032655","4","5D","N1","THEFTT - TRS THEFT/LARCENY - TELEPHONE REPORTING UNIT","THEFTT - TRS THEFT/LARCENY - TELEPHONE REPORTING UNIT"
"P2600221999","2026-07-25T08:42:13.000","260032660","4","3D","G1","THEFTT - TRS THEFT/LARCENY - TELEPHONE REPORTING UNIT","THEFTT - TRS THEFT/LARCENY - TELEPHONE REPORTING UNIT"
"P2600222032","2026-07-25T09:34:20.000","260032664","4","6D","P1","STLVEHT - TRS STOLEN VEHICLE - TELEPHONE REPORTING UNIT","STLVEHT - TRS STOLEN VEHICLE - TELEPHONE REPORTING UNIT"
"P2600222064","2026-07-25T10:22:16.000","260032670","4","3D","I2","STLVEHT - TRS STOLEN VEHICLE - TELEPHONE REPORTING UNIT","STLVEHT - TRS STOLEN VEHICLE - TELEPHONE REPORTING UNIT"
"P2600222148","2026-07-25T12:11:20.000","260032679","4","1D","A1","STLVEHT - TRS STOLEN VEHICLE - TELEPHONE REPORTING UNIT","STLVEHT - TRS STOLEN VEHICLE - TELEPHONE REPORTING UNIT"
"P2600222232","2026-07-25T13:54:03.000","260032693","4","3D","G3","STLVEHT - TRS STOLEN VEHICLE - TELEPHONE REPORTING UNIT","STLVEHT - TRS STOLEN VEHICLE - TELEPHONE REPORTING UNIT"
"P2600222123","2026-07-25T11:36:38.000","260032699","4","5D","M3","LOSTT-TRS ADMIN (DOCUMENT, LOST OR FOUND PROP, MESSAGES - TELEPHONE REPORTING UNIT","LOSTT-TRS ADMIN (DOCUMENT, LOST OR FOUND PROP, MESSAGES - TELEPHONE REPORTING UNIT"
"P2600222183","2026-07-25T12:49:58.000","260032701","4","5D","M2","THEFTT - TRS THEFT/LARCENY - TELEPHONE REPORTING UNIT","THEFTT - TRS THEFT/LARCENY - TELEPHONE REPORTING UNIT"
"P2600222241","2026-07-25T14:12:14.000","260032705","4","5D","N1","THEFTT - TRS THEFT/LARCENY - TELEPHONE REPORTING UNIT","THEFTT - TRS THEFT/LARCENY - TELEPHONE REPORTING UNIT"
"P2600222262","2026-07-25T14:42:38.000","260032707","4","1D","A1","THEFTT - TRS THEFT/LARCENY - TELEPHONE REPORTING UNIT","THEFTT - TRS THEFT/LARCENY - TELEPHONE REPORTING UNIT"
"P2600222339","2026-07-25T16:34:05.000","260032713","4","6D","R3","THEFTT - TRS THEFT/LARCENY - TELEPHONE REPORTING UNIT","THEFTT - TRS THEFT/LARCENY - TELEPHONE REPORTING UNIT"
"P2600222453","2026-07-25T18:56:22.000","260032737","4","3D","G2","THEFTT - TRS THEFT/LARCENY - TELEPHONE REPORTING UNIT","THEFTT - TRS THEFT/LARCENY - TELEPHONE REPORTING UNIT"
"P2600222533","2026-07-25T20:26:16.000","260032743","4","1D","A2","THEFTT - TRS THEFT/LARCENY - TELEPHONE REPORTING UNIT","THEFTT - TRS THEFT/LARCENY - TELEPHONE REPORTING UNIT"
"P2600222618","2026-07-25T21:53:37.000","260032749","4","3D","I2","STLVEHT - TRS STOLEN VEHICLE - TELEPHONE REPORTING UNIT","STLVEHT - TRS STOLEN VEHICLE - TELEPHONE REPORTING UNIT"
"P2600222631","2026-07-25T22:07:39.000","260032750","4","4D","L1","THEFTT - TRS THEFT/LARCENY - TELEPHONE REPORTING UNIT","THEFTT - TRS THEFT/LARCENY - TELEPHONE REPORTING UNIT"
"P2600222655","2026-07-25T22:25:45.000","260032752","4","1D","A1","THEFTT - TRS THEFT/LARCENY - TELEPHONE REPORTING UNIT","THEFTT - TRS THEFT/LARCENY - TELEPHONE REPORTING UNIT"
"P2600222896","2026-07-26T03:52:49.000","260032782","4","2D","D2","VANDALISM, DAMAGE, MISCHIEF-TRS - TELEPHONE REPORTING UNIT","VANDALISM, DAMAGE, MISCHIEF-TRS - TELEPHONE REPORTING UNIT"
"P2600222989","2026-07-26T07:01:05.000","260032790","4","3D","G1","THEFTT - TRS THEFT/LARCENY - TELEPHONE REPORTING UNIT","THEFTT - TRS THEFT/LARCENY - TELEPHONE REPORTING UNIT"
"P2600223003","2026-07-26T07:43:48.000","260032792","4","4D","K1","THEFTT - TRS THEFT/LARCENY - TELEPHONE REPORTING UNIT","THEFTT - TRS THEFT/LARCENY - TELEPHONE REPORTING UNIT"
"P2600223042","2026-07-26T08:51:09.000","260032803","4","3D","G2","THEFTT - TRS THEFT/LARCENY - TELEPHONE REPORTING UNIT","THEFTT - TRS THEFT/LARCENY - TELEPHONE REPORTING UNIT"
"P2600223094","2026-07-26T10:28:47.000","260032809","4","3D","I2","THEFTT - TRS THEFT/LARCENY - TELEPHONE REPORTING UNIT","THEFTT - TRS THEFT/LARCENY - TELEPHONE REPORTING UNIT"
"P2600223125","2026-07-26T11:16:43.000","260032810","4","3D","I2","STLVEHT - TRS STOLEN VEHICLE - TELEPHONE REPORTING UNIT","STLVEHT - TRS STOLEN VEHICLE - TELEPHONE REPORTING UNIT"
"P2600223233","2026-07-26T14:04:27.000","260032825","4","3D","G2","THEFTT - TRS THEFT/LARCENY - TELEPHONE REPORTING UNIT","THEFTT - TRS THEFT/LARCENY - TELEPHONE REPORTING UNIT"
"P2600223268","2026-07-26T14:57:09.000","260032830","4","3D","G2","FRAUDT-TRS FRAUD / DECEPTION - TELEPHONE REPORTING UNIT","FRAUDT-TRS FRAUD / DECEPTION - TELEPHONE REPORTING UNIT"
"P2600223283","2026-07-26T15:16:20.000","260032832","4","2D","E1","THEFTT - TRS THEFT/LARCENY - TELEPHONE REPORTING UNIT","THEFTT - TRS THEFT/LARCENY - TELEPHONE REPORTING UNIT"
"P2600223302","2026-07-26T15:48:39.000","260032839","4","3D","G1","THEFTT - TRS THEFT/LARCENY - TELEPHONE REPORTING UNIT","THEFTT - TRS THEFT/LARCENY - TELEPHONE REPORTING UNIT"
"P2600223334","2026-07-26T16:43:32.000","260032851","4","1D","A1","THEFTT - TRS THEFT/LARCENY - TELEPHONE REPORTING UNIT","THEFTT - TRS THEFT/LARCENY - TELEPHONE REPORTING UNIT"
"P2600223425","2026-07-26T18:56:09.000","260032853","4","5D","M3","STLVEHT - TRS STOLEN VEHICLE - TELEPHONE REPORTING UNIT","STLVEHT - TRS STOLEN VEHICLE - TELEPHONE REPORTING UNIT"
"P2600223424","2026-07-26T18:53:50.000","260032855","4","3D","G1","THEFTT - TRS THEFT/LARCENY - TELEPHONE REPORTING UNIT","THEFTT - TRS THEFT/LARCENY - TELEPHONE REPORTING UNIT"
"P2600223563","2026-07-26T22:23:44.000","260032874","4","1D","B1","THEFTT - TRS THEFT/LARCENY - TELEPHONE REPORTING UNIT","THEFTT - TRS THEFT/LARCENY - TELEPHONE REPORTING UNIT"
"P2600223720","2026-07-27T04:55:54.000","260032884","4","5D","M3","THEFTT - TRS THEFT/LARCENY - TELEPHONE REPORTING UNIT","THEFTT - TRS THEFT/LARCENY - TELEPHONE REPORTING UNIT"
"P2600223797","2026-07-27T07:32:26.000","260032890","4","5D","M3","STLVEHT - TRS STOLEN VEHICLE - TELEPHONE REPORTING UNIT","STLVEHT - TRS STOLEN VEHICLE - TELEPHONE REPORTING UNIT"
"P2600223752","2026-07-27T06:03:29.000","260032891","4","1D","A2","STLVEHT - TRS STOLEN VEHICLE - TELEPHONE REPORTING UNIT","STLVEHT - TRS STOLEN VEHICLE - TELEPHONE REPORTING UNIT"
"P2600223810","2026-07-27T07:53:27.000","260032892","4","4D","L1","STLVEHT - TRS STOLEN VEHICLE - TELEPHONE REPORTING UNIT","STLVEHT - TRS STOLEN VEHICLE - TELEPHONE REPORTING UNIT"
"P2600223780","2026-07-27T07:10:24.000","260032897","4","5D","M3","THEFTT - TRS THEFT/LARCENY - TELEPHONE REPORTING UNIT","THEFTT - TRS THEFT/LARCENY - TELEPHONE REPORTING UNIT"
"P2600223799","2026-07-27T07:40:28.000","260032900","4","3D","G1","THEFTT - TRS THEFT/LARCENY - TELEPHONE REPORTING UNIT","THEFTT - TRS THEFT/LARCENY - TELEPHONE REPORTING UNIT"
"P2600223782","2026-07-27T07:17:55.000","260032902","4","5D","M3","THEFTT - TRS THEFT/LARCENY - TELEPHONE REPORTING UNIT","THEFTT - TRS THEFT/LARCENY - TELEPHONE REPORTING UNIT"
"P2600223819","2026-07-27T08:26:43.000","260032904","4","2D","D2","LOSTT-TRS ADMIN (DOCUMENT, LOST OR FOUND PROP, MESSAGES - TELEPHONE REPORTING UNIT","LOSTT-TRS ADMIN (DOCUMENT, LOST OR FOUND PROP, MESSAGES - TELEPHONE REPORTING UNIT"
"P2600223868","2026-07-27T09:23:45.000","260032908","4","3D","G2","VANDALISM, DAMAGE, MISCHIEF-TRS - TELEPHONE REPORTING UNIT","VANDALISM, DAMAGE, MISCHIEF-TRS - TELEPHONE REPORTING UNIT"
"P2600223905","2026-07-27T10:09:32.000","260032910","4","4D","L1","STLVEHT - TRS STOLEN VEHICLE - TELEPHONE REPORTING UNIT","STLVEHT - TRS STOLEN VEHICLE - TELEPHONE REPORTING UNIT"
"P2600223874","2026-07-27T09:32:58.000","260032912","4","3D","I1","LOSTT-TRS ADMIN (DOCUMENT, LOST OR FOUND PROP, MESSAGES - TELEPHONE REPORTING UNIT","LOSTT-TRS ADMIN (DOCUMENT, LOST OR FOUND PROP, MESSAGES - TELEPHONE REPORTING UNIT"
"P2600223911","2026-07-27T10:18:59.000","260032916","4","2D","D1","FRAUDT-TRS FRAUD / DECEPTION - TELEPHONE REPORTING UNIT","FRAUDT-TRS FRAUD / DECEPTION - TELEPHONE REPORTING UNIT"
"P2600223919","2026-07-27T10:31:13.000","260032921","4","5D","N3","THEFTT - TRS THEFT/LARCENY - TELEPHONE REPORTING UNIT","THEFTT - TRS THEFT/LARCENY - TELEPHONE REPORTING UNIT"
"P2600223926","2026-07-27T10:41:57.000","260032922","4","5D","M3","VANDALISM, DAMAGE, MISCHIEF-TRS - TELEPHONE REPORTING UNIT","THEFTT - TRS THEFT/LARCENY - TELEPHONE REPORTING UNIT"
"P2600223920","2026-07-27T10:35:20.000","260032923","4","2D","D1","FRAUDT-TRS FRAUD / DECEPTION - TELEPHONE REPORTING UNIT","FRAUDT-TRS FRAUD / DECEPTION - TELEPHONE REPORTING UNIT"
"P2600223938","2026-07-27T10:50:35.000","260032926","4","1D","A1","THEFTT - TRS THEFT/LARCENY - TELEPHONE REPORTING UNIT","THEFTT - TRS THEFT/LARCENY - TELEPHONE REPORTING UNIT"
"P2600224006","2026-07-27T12:17:15.000","260032933","4","5D","M3","FRAUDT-TRS FRAUD / DECEPTION - TELEPHONE REPORTING UNIT","FRAUDT-TRS FRAUD / DECEPTION - TELEPHONE REPORTING UNIT"
"P2600224048","2026-07-27T13:00:54.000","260032939","4","4D","L2","LOSTT-TRS ADMIN (DOCUMENT, LOST OR FOUND PROP, MESSAGES - TELEPHONE REPORTING UNIT","THEFTT - TRS THEFT/LARCENY - TELEPHONE REPORTING UNIT"
"P2600224031","2026-07-27T12:43:09.000","260032947","4","1D","B2","FRAUDT-TRS FRAUD / DECEPTION - TELEPHONE REPORTING UNIT","FRAUDT-TRS FRAUD / DECEPTION - TELEPHONE REPORTING UNIT"
"P2600224059","2026-07-27T13:08:56.000","260032949","4","3D","I1","THEFTT - TRS THEFT/LARCENY - TELEPHONE REPORTING UNIT","THEFTT - TRS THEFT/LARCENY - TELEPHONE REPORTING UNIT"
"P2600224107","2026-07-27T14:04:45.000","260032953","4","6D","R2","THEFTT - TRS THEFT/LARCENY - TELEPHONE REPORTING UNIT","THEFTT - TRS THEFT/LARCENY - TELEPHONE REPORTING UNIT"
"P2600224069","2026-07-27T13:22:25.000","260032954","4","1D","A1","LOSTT-TRS ADMIN (DOCUMENT, LOST OR FOUND PROP, MESSAGES - TELEPHONE REPORTING UNIT","LOSTT-TRS ADMIN (DOCUMENT, LOST OR FOUND PROP, MESSAGES - TELEPHONE REPORTING UNIT"
"P2600224078","2026-07-27T13:33:20.000","260032956","4","2D","E2","FRAUDT-TRS FRAUD / DECEPTION - TELEPHONE REPORTING UNIT","FRAUDT-TRS FRAUD / DECEPTION - TELEPHONE REPORTING UNIT"
"P2600224164","2026-07-27T15:19:10.000","260032965","4","1D","A2","THEFTT - TRS THEFT/LARCENY - TELEPHONE REPORTING UNIT","THEFTT - TRS THEFT/LARCENY - TELEPHONE REPORTING UNIT"
"P2600224205","2026-07-27T16:01:32.000","260032971","4","1D","B2","THEFTT - TRS THEFT/LARCENY - TELEPHONE REPORTING UNIT","THEFTT - TRS THEFT/LARCENY - TELEPHONE REPORTING UNIT"
"P2600224275","2026-07-27T17:12:22.000","260032985","4","4D","K1","LOSTT-TRS ADMIN (DOCUMENT, LOST OR FOUND PROP, MESSAGES - TELEPHONE REPORTING UNIT","LOSTT-TRS ADMIN (DOCUMENT, LOST OR FOUND PROP, MESSAGES - TELEPHONE REPORTING UNIT"
"P2600224296","2026-07-27T17:31:01.000","260032987","4","4D","L1","VANDALISM, DAMAGE, MISCHIEF-TRS - TELEPHONE REPORTING UNIT","VANDALISM, DAMAGE, MISCHIEF-TRS - TELEPHONE REPORTING UNIT"
"P2600224396","2026-07-27T19:43:03.000","260033001","4","5D","M2","FRAUDT-TRS FRAUD / DECEPTION - TELEPHONE REPORTING UNIT","FRAUDT-TRS FRAUD / DECEPTION - TELEPHONE REPORTING UNIT"
"P2600224729","2026-07-28T07:08:50.000","260033031","4","1D","A2","STLVEHT - TRS STOLEN VEHICLE - TELEPHONE REPORTING UNIT","STLVEHT - TRS STOLEN VEHICLE - TELEPHONE REPORTING UNIT"
"P2600224750","2026-07-28T07:48:04.000","260033032","4","6D","P3","THEFTT - TRS THEFT/LARCENY - TELEPHONE REPORTING UNIT","THEFTT - TRS THEFT/LARCENY - TELEPHONE REPORTING UNIT"
"P2600224795","2026-07-28T08:46:34.000","260033037","4","3D","G1","THEFTT - TRS THEFT/LARCENY - TELEPHONE REPORTING UNIT","THEFTT - TRS THEFT/LARCENY - TELEPHONE REPORTING UNIT"
"P2600224807","2026-07-28T09:05:18.000","260033043","4","6D","P1","THEFTT - TRS THEFT/LARCENY - TELEPHONE REPORTING UNIT","THEFTT - TRS THEFT/LARCENY - TELEPHONE REPORTING UNIT"
"P2600224834","2026-07-28T09:40:26.000","260033048","4","1D","A1","FRAUDT-TRS FRAUD / DECEPTION - TELEPHONE REPORTING UNIT","FRAUDT-TRS FRAUD / DECEPTION - TELEPHONE REPORTING UNIT"
"P2600224874","2026-07-28T10:19:48.000","260033053","4","4D","K1","THEFTT - TRS THEFT/LARCENY - TELEPHONE REPORTING UNIT","THEFTT - TRS THEFT/LARCENY - TELEPHONE REPORTING UNIT"
"P2600224893","2026-07-28T10:45:28.000","260033059","4","6D","P1","THEFTT - TRS THEFT/LARCENY - TELEPHONE REPORTING UNIT","THEFTT - TRS THEFT/LARCENY - TELEPHONE REPORTING UNIT"
"P2600224971","2026-07-28T12:19:51.000","260033070","4","2D","E2","LOSTT-TRS ADMIN (DOCUMENT, LOST OR FOUND PROP, MESSAGES - TELEPHONE REPORTING UNIT","LOSTT-TRS ADMIN (DOCUMENT, LOST OR FOUND PROP, MESSAGES - TELEPHONE REPORTING UNIT"
"P2600225055","2026-07-28T13:57:46.000","260033090","4","6D","R3","FRAUDT-TRS FRAUD / DECEPTION - TELEPHONE REPORTING UNIT","FRAUDT-TRS FRAUD / DECEPTION - TELEPHONE REPORTING UNIT"
"P2600225087","2026-07-28T14:36:02.000","260033096","4","5D","N3","FRAUDT-TRS FRAUD / DECEPTION - TELEPHONE REPORTING UNIT","FRAUDT-TRS FRAUD / DECEPTION - TELEPHONE REPORTING UNIT"
"P2600225122","2026-07-28T15:02:03.000","260033101","4","6D","P1","THEFTT - TRS THEFT/LARCENY - TELEPHONE REPORTING UNIT","THEFTT - TRS THEFT/LARCENY - TELEPHONE REPORTING UNIT"
"P2600225159","2026-07-28T15:59:05.000","260033106","4","4D","K1","LOSTT-TRS ADMIN (DOCUMENT, LOST OR FOUND PROP, MESSAGES - TELEPHONE REPORTING UNIT","LOSTT-TRS ADMIN (DOCUMENT, LOST OR FOUND PROP, MESSAGES - TELEPHONE REPORTING UNIT"
"P2600225167","2026-07-28T16:07:31.000","260033109","4","2D","D1","THEFTT - TRS THEFT/LARCENY - TELEPHONE REPORTING UNIT","THEFTT - TRS THEFT/LARCENY - TELEPHONE REPORTING UNIT"
"P2600225176","2026-07-28T16:14:33.000","260033113","4","3D","I1","THEFTT - TRS THEFT/LARCENY - TELEPHONE REPORTING UNIT","THEFTT - TRS THEFT/LARCENY - TELEPHONE REPORTING UNIT"
"P2600225231","2026-07-28T17:11:10.000","260033125","4","2D","D2","THEFTT - TRS THEFT/LARCENY - TELEPHONE REPORTING UNIT","THEFTT - TRS THEFT/LARCENY - TELEPHONE REPORTING UNIT"
"P2600225244","2026-07-28T17:22:54.000","260033129","4","3D","G1","FRAUDT-TRS FRAUD / DECEPTION - TELEPHONE REPORTING UNIT","FRAUDT-TRS FRAUD / DECEPTION - TELEPHONE REPORTING UNIT"
"P2600225354","2026-07-28T18:41:47.000","260033132","4","6D","P1","STLVEHT - TRS STOLEN VEHICLE - TELEPHONE REPORTING UNIT","STLVEHT - TRS STOLEN VEHICLE - TELEPHONE REPORTING UNIT"
"P2600225447","2026-07-28T20:40:04.000","260033146","4","5D","M1","FRAUDT-TRS FRAUD / DECEPTION - TELEPHONE REPORTING UNIT","FRAUDT-TRS FRAUD / DECEPTION - TELEPHONE REPORTING UNIT"
"P2600225486","2026-07-28T21:40:14.000","260033148","4","3D","G1","THEFTT - TRS THEFT/LARCENY - TELEPHONE REPORTING UNIT","THEFTT - TRS THEFT/LARCENY - TELEPHONE REPORTING UNIT"
"P2600225588","2026-07-29T00:07:55.000","260033162","4","2D","D1","THEFTT - TRS THEFT/LARCENY - TELEPHONE REPORTING UNIT","THEFTT - TRS THEFT/LARCENY - TELEPHONE REPORTING UNIT"
"P2600225680","2026-07-29T03:26:07.000","260033171","4","3D","I2","STLVEHT - TRS STOLEN VEHICLE - TELEPHONE REPORTING UNIT","STLVEHT - TRS STOLEN VEHICLE - TELEPHONE REPORTING UNIT"
"P2600225716","2026-07-29T04:41:16.000","260033173","4","3D","I2","STLVEHT - TRS STOLEN VEHICLE - TELEPHONE REPORTING UNIT","STLVEHT - TRS STOLEN VEHICLE - TELEPHONE REPORTING UNIT"
"P2600225754","2026-07-29T06:00:02.000","260033177","4","6D","R2","STLVEHT - TRS STOLEN VEHICLE - TELEPHONE REPORTING UNIT","STLVEHT - TRS STOLEN VEHICLE - TELEPHONE REPORTING UNIT"
"P2600225799","2026-07-29T07:23:01.000","260033181","4","5D","N3","STLVEHT - TRS STOLEN VEHICLE - TELEPHONE REPORTING UNIT","STLVEHT - TRS STOLEN VEHICLE - TELEPHONE REPORTING UNIT"
"P2600225818","2026-07-29T07:44:12.000","260033186","4","6D","R1","STLVEHT - TRS STOLEN VEHICLE - TELEPHONE REPORTING UNIT","STLVEHT - TRS STOLEN VEHICLE - TELEPHONE REPORTING UNIT"
"P2600225756","2026-07-29T06:07:17.000","260033192","4","2D","E1","THEFTT - TRS THEFT/LARCENY - TELEPHONE REPORTING UNIT","THEFTT - TRS THEFT/LARCENY - TELEPHONE REPORTING UNIT"
"P2600225973","2026-07-29T10:23:48.000","260033196","4","2D","D1","STLVEHT - TRS STOLEN VEHICLE - TELEPHONE REPORTING UNIT","STLVEHT - TRS STOLEN VEHICLE - TELEPHONE REPORTING UNIT"
"P2600225916","2026-07-29T09:26:07.000","260033207","4","3D","G1","THEFTT - TRS THEFT/LARCENY - TELEPHONE REPORTING UNIT","THEFTT - TRS THEFT/LARCENY - TELEPHONE REPORTING UNIT"
"P2600226019","2026-07-29T11:14:14.000","260033209","4","3D","G1","LOSTT-TRS ADMIN (DOCUMENT, LOST OR FOUND PROP, MESSAGES - TELEPHONE REPORTING UNIT","LOSTT-TRS ADMIN (DOCUMENT, LOST OR FOUND PROP, MESSAGES - TELEPHONE REPORTING UNIT"
"P2600225980","2026-07-29T10:35:57.000","260033220","4","4D","K2","FRAUDT-TRS FRAUD / DECEPTION - TELEPHONE REPORTING UNIT","FRAUDT-TRS FRAUD / DECEPTION - TELEPHONE REPORTING UNIT"
"P2600226204","2026-07-29T14:53:12.000","260033233","4","5D","M3","THEFTT - TRS THEFT/LARCENY - TELEPHONE REPORTING UNIT","THEFTT - TRS THEFT/LARCENY - TELEPHONE REPORTING UNIT"
"P2600226237","2026-07-29T15:24:57.000","260033234","4","4D","L3","LOSTT-TRS ADMIN (DOCUMENT, LOST OR FOUND PROP, MESSAGES - TELEPHONE REPORTING UNIT","LOSTT-TRS ADMIN (DOCUMENT, LOST OR FOUND PROP, MESSAGES - TELEPHONE REPORTING UNIT"
"P2600226243","2026-07-29T15:31:40.000","260033249","4","1D","A2","VANDALISM, DAMAGE, MISCHIEF - OCCURRED EARLIER","VANDALISM, DAMAGE, MISCHIEF-TRS - TELEPHONE REPORTING UNIT"
"P2600226239","2026-07-29T15:28:25.000","260033257","4","2D","D1","THEFTT - TRS THEFT/LARCENY - TELEPHONE REPORTING UNIT","FRAUDT-TRS FRAUD / DECEPTION - TELEPHONE REPORTING UNIT"
"P2600226336","2026-07-29T17:03:17.000","260033272","4","6D","R1","THEFTT - TRS THEFT/LARCENY - TELEPHONE REPORTING UNIT","THEFTT - TRS THEFT/LARCENY - TELEPHONE REPORTING UNIT"
"P2600226347","2026-07-29T17:14:16.000","260033273","4","4D","K3","FRAUDT-TRS FRAUD / DECEPTION - TELEPHONE REPORTING UNIT","FRAUDT-TRS FRAUD / DECEPTION - TELEPHONE REPORTING UNIT"
"P2600226473","2026-07-29T19:48:12.000","260033282","4","6D","R1","VANDALISM, DAMAGE, MISCHIEF-TRS - TELEPHONE REPORTING UNIT","VANDALISM, DAMAGE, MISCHIEF-TRS - TELEPHONE REPORTING UNIT"
"P2600226363","2026-07-29T17:26:33.000","260033283","4","2D","D1","STLVEHT - TRS STOLEN VEHICLE - TELEPHONE REPORTING UNIT","STLVEHT - TRS STOLEN VEHICLE - TELEPHONE REPORTING UNIT"
"P2600226696","2026-07-30T01:16:19.000","260033304","4","1D","A2","THEFTT - TRS THEFT/LARCENY - TELEPHONE REPORTING UNIT","STLVEHT - TRS STOLEN VEHICLE - TELEPHONE REPORTING UNIT"
"P2600226796","2026-07-30T04:41:21.000","260033308","4","3D","G1","THEFTT - TRS THEFT/LARCENY - TELEPHONE REPORTING UNIT","THEFTT - TRS THEFT/LARCENY - TELEPHONE REPORTING UNIT"
"P2600226816","2026-07-30T05:13:16.000","260033309","4","4D","K1","STLVEHT - TRS STOLEN VEHICLE - TELEPHONE REPORTING UNIT","STLVEHT - TRS STOLEN VEHICLE - TELEPHONE REPORTING UNIT"
"P2600226862","2026-07-30T06:38:14.000","260033316","4","3D","I2","STLVEHT - TRS STOLEN VEHICLE - TELEPHONE REPORTING UNIT","STLVEHT - TRS STOLEN VEHICLE - TELEPHONE REPORTING UNIT"
"P2600226873","2026-07-30T07:10:12.000","260033319","4","6D","R1","THEFTT - TRS THEFT/LARCENY - TELEPHONE REPORTING UNIT","THEFTT - TRS THEFT/LARCENY - TELEPHONE REPORTING UNIT"
"P2600226880","2026-07-30T07:20:55.000","260033323","4","3D","G1","THEFTT - TRS THEFT/LARCENY - TELEPHONE REPORTING UNIT","THEFTT - TRS THEFT/LARCENY - TELEPHONE REPORTING UNIT"
"P2600226876","2026-07-30T07:18:24.000","260033324","4","3D","G1","THEFTT - TRS THEFT/LARCENY - TELEPHONE REPORTING UNIT","THEFTT - TRS THEFT/LARCENY - TELEPHONE REPORTING UNIT"
"P2600226878","2026-07-30T07:17:16.000","260033325","4","3D","G1","THEFTT - TRS THEFT/LARCENY - TELEPHONE REPORTING UNIT","THEFTT - TRS THEFT/LARCENY - TELEPHONE REPORTING UNIT"
"P2600226945","2026-07-30T08:48:27.000","260033329","4","6D","R2","STLVEHT - TRS STOLEN VEHICLE - TELEPHONE REPORTING UNIT","STLVEHT - TRS STOLEN VEHICLE - TELEPHONE REPORTING UNIT"
"P2600226886","2026-07-30T07:30:52.000","260033332","4","6D","R2","THEFTT - TRS THEFT/LARCENY - TELEPHONE REPORTING UNIT","THEFTT - TRS THEFT/LARCENY - TELEPHONE REPORTING UNIT"
"P2600226914","2026-07-30T08:18:23.000","260033334","4","3D","I1","THEFTT - TRS THEFT/LARCENY - TELEPHONE REPORTING UNIT","THEFTT - TRS THEFT/LARCENY - TELEPHONE REPORTING UNIT"
"P2600226907","2026-07-30T08:05:24.000","260033335","4","3D","G1","THEFTT - TRS THEFT/LARCENY - TELEPHONE REPORTING UNIT","THEFTT - TRS THEFT/LARCENY - TELEPHONE REPORTING UNIT"
"P2600226909","2026-07-30T08:09:42.000","260033351","4","6D","R1","THEFTT - TRS THEFT/LARCENY - TELEPHONE REPORTING UNIT","THEFTT - TRS THEFT/LARCENY - TELEPHONE REPORTING UNIT"
"P2600226933","2026-07-30T08:43:04.000","260033359","4","4D","K3","THEFTT - TRS THEFT/LARCENY - TELEPHONE REPORTING UNIT","THEFTT - TRS THEFT/LARCENY - TELEPHONE REPORTING UNIT"
"P2600226943","2026-07-30T08:49:04.000","260033361","4","5D","M1","THEFTT - TRS THEFT/LARCENY - TELEPHONE REPORTING UNIT","THEFTT - TRS THEFT/LARCENY - TELEPHONE REPORTING UNIT"
"P2600226942","2026-07-30T08:51:54.000","260033362","4","3D","I3","THEFTT - TRS THEFT/LARCENY - TELEPHONE REPORTING UNIT","THEFTT - TRS THEFT/LARCENY - TELEPHONE REPORTING UNIT"
"P2600227044","2026-07-30T11:02:47.000","260033365","4","4D","K1","STLVEHT - TRS STOLEN VEHICLE - TELEPHONE REPORTING UNIT","STLVEHT - TRS STOLEN VEHICLE - TELEPHONE REPORTING UNIT"
"P2600226981","2026-07-30T09:54:30.000","260033368","4","3D","I3","THEFTT - TRS THEFT/LARCENY - TELEPHONE REPORTING UNIT","THEFTT - TRS THEFT/LARCENY - TELEPHONE REPORTING UNIT"
"P2600227009","2026-07-30T10:16:24.000","260033369","4","5D","M1","THEFTT - TRS THEFT/LARCENY - TELEPHONE REPORTING UNIT","THEFTT - TRS THEFT/LARCENY - TELEPHONE REPORTING UNIT"
"P2600227048","2026-07-30T11:09:17.000","260033374","4","3D","I3","THEFTT - TRS THEFT/LARCENY - TELEPHONE REPORTING UNIT","THEFTT - TRS THEFT/LARCENY - TELEPHONE REPORTING UNIT"
"P2600227072","2026-07-30T11:23:05.000","260033375","4","4D","K1","THEFTT - TRS THEFT/LARCENY - TELEPHONE REPORTING UNIT","THEFTT - TRS THEFT/LARCENY - TELEPHONE REPORTING UNIT"
"P2600227012","2026-07-30T10:14:16.000","260033377","4","6D","R2","THEFTT - TRS THEFT/LARCENY - TELEPHONE REPORTING UNIT","THEFTT - TRS THEFT/LARCENY - TELEPHONE REPORTING UNIT"
"P2600227119","2026-07-30T12:13:14.000","260033386","4","4D","K1","THEFTT - TRS THEFT/LARCENY - TELEPHONE REPORTING UNIT","THEFTT - TRS THEFT/LARCENY - TELEPHONE REPORTING UNIT"
"P2600227080","2026-07-30T11:32:17.000","260033387","4","3D","I2","FRAUDT-TRS FRAUD / DECEPTION - TELEPHONE REPORTING UNIT","FRAUDT-TRS FRAUD / DECEPTION - TELEPHONE REPORTING UNIT"
"P2600227148","2026-07-30T13:01:09.000","260033388","4","5D","M2","LOSTT-TRS ADMIN (DOCUMENT, LOST OR FOUND PROP, MESSAGES - TELEPHONE REPORTING UNIT","LOSTT-TRS ADMIN (DOCUMENT, LOST OR FOUND PROP, MESSAGES - TELEPHONE REPORTING UNIT"
"P2600227200","2026-07-30T13:46:51.000","260033390","4","6D","P2","THEFTT - TRS THEFT/LARCENY - TELEPHONE REPORTING UNIT","THEFTT - TRS THEFT/LARCENY - TELEPHONE REPORTING UNIT"
"P2600227227","2026-07-30T14:15:22.000","260033391","4","3D","G1","STLVEHT - TRS STOLEN VEHICLE - TELEPHONE REPORTING UNIT","STLVEHT - TRS STOLEN VEHICLE - TELEPHONE REPORTING UNIT"
"P2600227289","2026-07-30T15:23:01.000","260033399","4","3D","G1","VANDALISM, DAMAGE, MISCHIEF-TRS - TELEPHONE REPORTING UNIT","VANDALISM, DAMAGE, MISCHIEF-TRS - TELEPHONE REPORTING UNIT"
"P2600227171","2026-07-30T13:18:32.000","260033402","4","5D","M1","THEFTT - TRS THEFT/LARCENY - TELEPHONE REPORTING UNIT","THEFTT - TRS THEFT/LARCENY - TELEPHONE REPORTING UNIT"
"P2600227304","2026-07-30T15:37:53.000","260033406","4","5D","M3","FRAUDT-TRS FRAUD / DECEPTION - TELEPHONE REPORTING UNIT","FRAUDT-TRS FRAUD / DECEPTION - TELEPHONE REPORTING UNIT"
"P2600227336","2026-07-30T15:58:17.000","260033415","4","3D","G1","FRAUDT-TRS FRAUD / DECEPTION - TELEPHONE REPORTING UNIT","FRAUDT-TRS FRAUD / DECEPTION - TELEPHONE REPORTING UNIT"
"P2600227392","2026-07-30T16:56:37.000","260033422","4","3D","G1","VANDALISM, DAMAGE, MISCHIEF-TRS - TELEPHONE REPORTING UNIT","VANDALISM, DAMAGE, MISCHIEF-TRS - TELEPHONE REPORTING UNIT"
"P2600227424","2026-07-30T17:29:51.000","260033427","4","1D","A2","VANDALISM, DAMAGE, MISCHIEF-TRS - TELEPHONE REPORTING UNIT","VANDALISM, DAMAGE, MISCHIEF-TRS - TELEPHONE REPORTING UNIT"
"P2600227483","2026-07-30T18:37:13.000","260033445","4","3D","I2","LOSTT-TRS ADMIN (DOCUMENT, LOST OR FOUND PROP, MESSAGES - TELEPHONE REPORTING UNIT","LOSTT-TRS ADMIN (DOCUMENT, LOST OR FOUND PROP, MESSAGES - TELEPHONE REPORTING UNIT"
"P2600227551","2026-07-30T20:02:43.000","260033452","4","4D","L1","THEFTT - TRS THEFT/LARCENY - TELEPHONE REPORTING UNIT","THEFTT - TRS THEFT/LARCENY - TELEPHONE REPORTING UNIT"
"P2600227621","2026-07-30T21:44:24.000","260033461","4","3D","I1","THEFTT - TRS THEFT/LARCENY - TELEPHONE REPORTING UNIT","THEFTT - TRS THEFT/LARCENY - TELEPHONE REPORTING UNIT"
"P2600227848","2026-07-31T04:27:43.000","260033479","4","3D","I3","THEFTT - TRS THEFT/LARCENY - TELEPHONE REPORTING UNIT","THEFTT - TRS THEFT/LARCENY - TELEPHONE REPORTING UNIT"
"P2600227888","2026-07-31T06:01:42.000","260033483","4","4D","L1","STLVEHT - TRS STOLEN VEHICLE - TELEPHONE REPORTING UNIT","STLVEHT - TRS STOLEN VEHICLE - TELEPHONE REPORTING UNIT"
"P2600227901","2026-07-31T06:21:22.000","260033486","4","4D","L1","STLVEHT - TRS STOLEN VEHICLE - TELEPHONE REPORTING UNIT","STLVEHT - TRS STOLEN VEHICLE - TELEPHONE REPORTING UNIT"
"P2600227918","2026-07-31T06:54:30.000","260033488","4","4D","K1","THEFTT - TRS THEFT/LARCENY - TELEPHONE REPORTING UNIT","THEFTT - TRS THEFT/LARCENY - TELEPHONE REPORTING UNIT"
"P2600227936","2026-07-31T07:28:00.000","260033490","4","2D","D1","THEFTT - TRS THEFT/LARCENY - TELEPHONE REPORTING UNIT","THEFTT - TRS THEFT/LARCENY - TELEPHONE REPORTING UNIT"
"P2600227975","2026-07-31T08:15:10.000","260033492","4","5D","M3","STLVEHT - TRS STOLEN VEHICLE - TELEPHONE REPORTING UNIT","STLVEHT - TRS STOLEN VEHICLE - TELEPHONE REPORTING UNIT"
"P2600227995","2026-07-31T08:41:37.000","260033498","4","2D","D1","THEFTT - TRS THEFT/LARCENY - TELEPHONE REPORTING UNIT","THEFTT - TRS THEFT/LARCENY - TELEPHONE REPORTING UNIT"
"P2600228037","2026-07-31T09:30:40.000","260033502","4","3D","G1","VANDALISM, DAMAGE, MISCHIEF-TRS - TELEPHONE REPORTING UNIT","VANDALISM, DAMAGE, MISCHIEF-TRS - TELEPHONE REPORTING UNIT"
"P2600228038","2026-07-31T09:33:23.000","260033503","4","3D","I1","THEFTT - TRS THEFT/LARCENY - TELEPHONE REPORTING UNIT","THEFTT - TRS THEFT/LARCENY - TELEPHONE REPORTING UNIT"
"P2600228042","2026-07-31T09:36:19.000","260033508","4","6D","R2","FRAUDT-TRS FRAUD / DECEPTION - TELEPHONE REPORTING UNIT","FRAUDT-TRS FRAUD / DECEPTION - TELEPHONE REPORTING UNIT"
"P2600228045","2026-07-31T09:40:05.000","260033511","4","1D","A2","THEFTT - TRS THEFT/LARCENY - TELEPHONE REPORTING UNIT","THEFTT - TRS THEFT/LARCENY - TELEPHONE REPORTING UNIT"
"P2600228146","2026-07-31T11:51:01.000","260033522","4","3D","G1","LOSTT-TRS ADMIN (DOCUMENT, LOST OR FOUND PROP, MESSAGES - TELEPHONE REPORTING UNIT","LOSTT-TRS ADMIN (DOCUMENT, LOST OR FOUND PROP, MESSAGES - TELEPHONE REPORTING UNIT"
"P2600228140","2026-07-31T11:43:14.000","260033523","4","5D","N2","FRAUDT-TRS FRAUD / DECEPTION - TELEPHONE REPORTING UNIT","FRAUDT-TRS FRAUD / DECEPTION - TELEPHONE REPORTING UNIT"
"P2600228213","2026-07-31T12:58:16.000","260033535","4","6D","P3","THEFTT - TRS THEFT/LARCENY - TELEPHONE REPORTING UNIT","THEFTT - TRS THEFT/LARCENY - TELEPHONE REPORTING UNIT"
"P2600228163","2026-07-31T12:04:53.000","260033537","4","3D","I1","THEFTT - TRS THEFT/LARCENY - TELEPHONE REPORTING UNIT","THEFTT - TRS THEFT/LARCENY - TELEPHONE REPORTING UNIT"
"P2600228186","2026-07-31T12:24:46.000","260033539","4","1D","A1","LOSTT-TRS ADMIN (DOCUMENT, LOST OR FOUND PROP, MESSAGES - TELEPHONE REPORTING UNIT","LOSTT-TRS ADMIN (DOCUMENT, LOST OR FOUND PROP, MESSAGES - TELEPHONE REPORTING UNIT"
"P2600228335","2026-07-31T14:53:32.000","260033547","4","2D","D1","LOSTT-TRS ADMIN (DOCUMENT, LOST OR FOUND PROP, MESSAGES - TELEPHONE REPORTING UNIT","LOSTT-TRS ADMIN (DOCUMENT, LOST OR FOUND PROP, MESSAGES - TELEPHONE REPORTING UNIT"
"P2600228238","2026-07-31T13:23:24.000","260033553","4","3D","I3","THEFTT - TRS THEFT/LARCENY - TELEPHONE REPORTING UNIT","THEFTT - TRS THEFT/LARCENY - TELEPHONE REPORTING UNIT"
"P2600228281","2026-07-31T14:03:30.000","260033563","4","2D","D1","THEFTT - TRS THEFT/LARCENY - TELEPHONE REPORTING UNIT","THEFTT - TRS THEFT/LARCENY - TELEPHONE REPORTING UNIT"
"P2600228560","2026-07-31T18:29:37.000","260033589","4","3D","G1","STLVEHT - TRS STOLEN VEHICLE - TELEPHONE REPORTING UNIT","STLVEHT - TRS STOLEN VEHICLE - TELEPHONE REPORTING UNIT"
"P2600228248","2026-07-31T13:36:14.000","260033590","4","2D","D1","THEFTT - TRS THEFT/LARCENY - TELEPHONE REPORTING UNIT","THEFTT - TRS THEFT/LARCENY - TELEPHONE REPORTING UNIT"
"P2600228353","2026-07-31T15:16:46.000","260033592","4","5D","M3","THEFTT - TRS THEFT/LARCENY - TELEPHONE REPORTING UNIT","THEFTT - TRS THEFT/LARCENY - TELEPHONE REPORTING UNIT"
"P2600228407","2026-07-31T15:54:09.000","260033599","4","5D","M2","FRAUDT-TRS FRAUD / DECEPTION - TELEPHONE REPORTING UNIT","FRAUDT-TRS FRAUD / DECEPTION - TELEPHONE REPORTING UNIT"
"P2600228549","2026-07-31T18:15:10.000","260033600","4","2D","E2","LOSTT-TRS ADMIN (DOCUMENT, LOST OR FOUND PROP, MESSAGES - TELEPHONE REPORTING UNIT","LOSTT-TRS ADMIN (DOCUMENT, LOST OR FOUND PROP, MESSAGES - TELEPHONE REPORTING UNIT"
"P2600228701","2026-07-31T20:50:47.000","260033603","4","1D","A2","VANDALISM, DAMAGE, MISCHIEF-TRS - TELEPHONE REPORTING UNIT","VANDALISM, DAMAGE, MISCHIEF-TRS - TELEPHONE REPORTING UNIT"
