{
  "generated_at": "2026-05-13T09:56:57.049Z",
  "benchmark_type": "last_three_full_calendar_years",
  "excludes_tru_calls": true,
  "excludes_detail_calls": true,
  "years": [
    2023,
    2024,
    2025
  ],
  "annual": [
    {
      "year": 2023,
      "record_count": 189189,
      "call_to_dispatch": {
        "average_seconds": 897.1345509189689,
        "valid_count": 181671
      },
      "dispatch_to_arrival": {
        "average_seconds": 736.7511448132753,
        "valid_count": 156139
      },
      "call_to_arrival": {
        "average_seconds": 1595.3720939169195,
        "valid_count": 156138
      }
    },
    {
      "year": 2024,
      "record_count": 190177,
      "call_to_dispatch": {
        "average_seconds": 835.3006089684444,
        "valid_count": 178827
      },
      "dispatch_to_arrival": {
        "average_seconds": 725.6922762008734,
        "valid_count": 153888
      },
      "call_to_arrival": {
        "average_seconds": 1529.2857959825578,
        "valid_count": 153879
      }
    },
    {
      "year": 2025,
      "record_count": 180990,
      "call_to_dispatch": {
        "average_seconds": 708.8088859696451,
        "valid_count": 170516
      },
      "dispatch_to_arrival": {
        "average_seconds": 689.8707194765493,
        "valid_count": 149164
      },
      "call_to_arrival": {
        "average_seconds": 1379.285222008434,
        "valid_count": 149161
      }
    }
  ],
  "three_year_average": {
    "call_to_dispatch": {
      "average_seconds": 815.8370381948498,
      "valid_count": 531014
    },
    "dispatch_to_arrival": {
      "average_seconds": 717.8163247973066,
      "valid_count": 459191
    },
    "call_to_arrival": {
      "average_seconds": 1503.030937893366,
      "valid_count": 459178
    }
  }
}
